episode,task,policy,outcome,frames,seconds,closures,closures_per_s,closed_frac
0,ring_insert,diffusion,failure,510,25.5,9,0.3529,0.531
1,ring_insert,diffusion,failure,421,21.1,8,0.38,0.43
2,ring_insert,diffusion,failure,515,25.8,7,0.2718,0.575
3,ring_insert,diffusion,successful,240,12.0,3,0.25,0.721
4,ring_insert,diffusion,successful,360,18.0,6,0.3333,0.65
5,ring_insert,diffusion,successful,229,11.4,3,0.262,0.725
6,ring_insert,diffusion,failure,517,25.9,10,0.3868,0.393
7,ring_insert,diffusion,successful,272,13.6,4,0.2941,0.658
8,ring_insert,diffusion,failure,504,25.2,7,0.2778,0.484
9,ring_insert,diffusion,failure,508,25.4,13,0.5118,0.394
10,ring_insert,diffusion,failure,480,24.0,7,0.2917,0.569
11,ring_insert,diffusion,successful,236,11.8,3,0.2542,0.725
12,ring_insert,diffusion,successful,224,11.2,3,0.2679,0.763
13,ring_insert,diffusion,failure,515,25.8,13,0.5049,0.443
14,ring_insert,diffusion,failure,481,24.1,11,0.4574,0.43
15,ring_insert,diffusion,failure,470,23.5,9,0.383,0.415
16,ring_insert,diffusion,failure,500,25.0,8,0.32,0.556
17,ring_insert,diffusion,failure,492,24.6,8,0.3252,0.482
18,ring_insert,diffusion,failure,500,25.0,7,0.28,0.504
19,ring_insert,diffusion,failure,480,24.0,8,0.3333,0.504
20,ring_insert,diffusion,failure,495,24.8,14,0.5657,0.362
21,ring_insert,diffusion,failure,478,23.9,9,0.3766,0.577
22,ring_insert,diffusion,successful,240,12.0,3,0.25,0.725
23,ring_insert,diffusion,failure,513,25.6,14,0.5458,0.441
24,ring_insert,diffusion,failure,481,24.1,9,0.3742,0.574
25,ring_insert,diffusion,failure,475,23.8,9,0.3789,0.564
26,ring_insert,diffusion,failure,426,21.3,6,0.2817,0.526
27,ring_insert,diffusion,failure,480,24.0,7,0.2917,0.637
28,ring_insert,diffusion,failure,502,25.1,9,0.3586,0.606
29,ring_insert,diffusion,failure,491,24.6,7,0.2851,0.491
30,ring_insert,act,successful,220,11.0,3,0.2727,0.777
31,ring_insert,act,successful,226,11.3,3,0.2655,0.695
32,ring_insert,act,failure,467,23.4,9,0.3854,0.467
33,ring_insert,act,successful,240,12.0,3,0.25,0.733
34,ring_insert,act,failure,454,22.7,14,0.6167,0.535
35,ring_insert,act,failure,467,23.4,11,0.4711,0.345
36,ring_insert,act,successful,214,10.7,3,0.2804,0.804
37,ring_insert,act,failure,462,23.1,7,0.303,0.561
38,ring_insert,act,successful,213,10.7,3,0.2817,0.69
39,ring_insert,act,successful,260,13.0,3,0.2308,0.754
40,ring_insert,act,failure,456,22.8,8,0.3509,0.546
41,ring_insert,act,successful,218,10.9,3,0.2752,0.748
42,ring_insert,act,successful,240,12.0,3,0.25,0.75
43,ring_insert,act,failure,469,23.4,1,0.0426,0.107
44,ring_insert,act,successful,228,11.4,3,0.2632,0.75
45,ring_insert,act,successful,404,20.2,5,0.2475,0.705
46,ring_insert,act,successful,213,10.7,4,0.3756,0.85
47,ring_insert,act,successful,200,10.0,3,0.3,0.785
48,ring_insert,act,successful,230,11.5,3,0.2609,0.713
49,ring_insert,act,failure,448,22.4,9,0.4018,0.587
50,ring_insert,act,successful,479,23.9,7,0.2923,0.785
51,ring_insert,act,failure,449,22.4,6,0.2673,0.67
52,ring_insert,act,failure,464,23.2,8,0.3448,0.56
53,ring_insert,act,failure,463,23.1,7,0.3024,0.609
54,ring_insert,act,failure,464,23.2,9,0.3879,0.565
55,ring_insert,act,failure,466,23.3,7,0.3004,0.384
56,ring_insert,act,successful,246,12.3,3,0.2439,0.748
57,ring_insert,act,failure,469,23.4,9,0.3838,0.593
58,ring_insert,act,failure,465,23.2,10,0.4301,0.568
59,ring_insert,act,failure,444,22.2,9,0.4054,0.543
60,ring_insert,smolvla,failure,549,27.4,8,0.2914,0.454
61,ring_insert,smolvla,failure,551,27.6,7,0.2541,0.563
62,ring_insert,smolvla,successful,236,11.8,3,0.2542,0.767
63,ring_insert,smolvla,failure,563,28.1,11,0.3908,0.481
64,ring_insert,smolvla,successful,365,18.2,5,0.274,0.699
65,ring_insert,smolvla,failure,569,28.4,8,0.2812,0.631
66,ring_insert,smolvla,failure,555,27.8,9,0.3243,0.55
67,ring_insert,smolvla,successful,210,10.5,3,0.2857,0.748
68,ring_insert,smolvla,failure,575,28.8,8,0.2783,0.555
69,ring_insert,smolvla,failure,554,27.7,7,0.2527,0.588
70,ring_insert,smolvla,failure,554,27.7,6,0.2166,0.57
71,ring_insert,smolvla,failure,558,27.9,9,0.3226,0.588
72,ring_insert,smolvla,successful,246,12.3,3,0.2439,0.772
73,ring_insert,smolvla,failure,562,28.1,7,0.2491,0.71
74,ring_insert,smolvla,successful,240,12.0,3,0.25,0.75
75,ring_insert,smolvla,failure,556,27.8,10,0.3597,0.432
76,ring_insert,smolvla,successful,250,12.5,3,0.24,0.744
77,ring_insert,smolvla,failure,546,27.3,5,0.1832,0.705
78,ring_insert,smolvla,failure,545,27.2,4,0.1468,0.844
79,ring_insert,smolvla,successful,250,12.5,3,0.24,0.748
80,ring_insert,smolvla,failure,554,27.7,8,0.2888,0.543
81,ring_insert,smolvla,failure,559,27.9,6,0.2147,0.707
82,ring_insert,smolvla,failure,549,27.4,12,0.4372,0.435
83,ring_insert,smolvla,failure,555,27.8,7,0.2523,0.596
84,ring_insert,smolvla,successful,192,9.6,3,0.3125,0.688
85,ring_insert,smolvla,successful,400,20.0,4,0.2,0.748
86,ring_insert,smolvla,successful,210,10.5,3,0.2857,0.743
87,ring_insert,smolvla,successful,200,10.0,3,0.3,0.71
88,ring_insert,smolvla,successful,220,11.0,3,0.2727,0.695
89,ring_insert,smolvla,failure,542,27.1,11,0.4059,0.43
90,ring_insert,smolvla,successful,204,10.2,3,0.2941,0.721
91,ring_insert,smolvla,failure,575,28.8,10,0.3478,0.595
92,ring_insert,smolvla,successful,200,10.0,3,0.3,0.72
93,ring_insert,smolvla,failure,557,27.9,11,0.395,0.51
94,ring_insert,smolvla,failure,576,28.8,7,0.2431,0.741
95,ring_insert,smolvla,failure,561,28.1,13,0.4635,0.581
96,ring_insert,smolvla,failure,564,28.2,10,0.3546,0.589
97,ring_insert,smolvla,failure,569,28.4,11,0.3866,0.431
98,ring_insert,smolvla,failure,575,28.8,10,0.3478,0.417
99,ring_insert,smolvla,successful,220,11.0,3,0.2727,0.745
100,ring_insert,smolvla,failure,570,28.5,11,0.386,0.568
101,ring_insert,smolvla,failure,566,28.3,11,0.3887,0.451
102,ring_insert,smolvla,failure,550,27.5,10,0.3636,0.502
103,ring_insert,smolvla,successful,216,10.8,3,0.2778,0.694
104,ring_insert,smolvla,successful,200,10.0,3,0.3,0.735
105,ring_insert,molmoact2,failure,423,21.1,10,0.4728,0.416
106,ring_insert,molmoact2,failure,460,23.0,12,0.5217,0.335
107,ring_insert,molmoact2,successful,280,14.0,5,0.3571,0.646
108,ring_insert,molmoact2,failure,441,22.1,11,0.4989,0.492
109,ring_insert,molmoact2,failure,459,22.9,10,0.4357,0.438
110,ring_insert,molmoact2,failure,474,23.7,13,0.5485,0.532
111,ring_insert,molmoact2,failure,438,21.9,12,0.5479,0.463
112,ring_insert,molmoact2,failure,434,21.7,12,0.553,0.366
113,ring_insert,molmoact2,failure,434,21.7,11,0.5069,0.38
114,ring_insert,molmoact2,failure,437,21.9,13,0.595,0.346
115,ring_insert,molmoact2,failure,451,22.6,11,0.4878,0.468
116,ring_insert,molmoact2,failure,437,21.9,7,0.3204,0.517
117,ring_insert,molmoact2,failure,421,21.1,13,0.6176,0.33
118,ring_insert,molmoact2,failure,430,21.5,12,0.5581,0.395
119,ring_insert,molmoact2,failure,481,24.1,3,0.1247,0.503
120,ring_insert,molmoact2,failure,450,22.5,14,0.6222,0.447
121,ring_insert,molmoact2,failure,451,22.6,14,0.6208,0.486
122,ring_insert,molmoact2,failure,439,21.9,13,0.5923,0.431
123,ring_insert,molmoact2,failure,459,22.9,10,0.4357,0.412
124,ring_insert,molmoact2,failure,432,21.6,12,0.5556,0.454
125,ring_insert,molmoact2,successful,198,9.9,3,0.303,0.737
126,ring_insert,molmoact2,failure,451,22.6,14,0.6208,0.45
127,ring_insert,molmoact2,failure,434,21.7,13,0.5991,0.491
128,ring_insert,molmoact2,failure,451,22.6,11,0.4878,0.439
129,ring_insert,molmoact2,failure,442,22.1,10,0.4525,0.452
130,ring_insert,molmoact2,failure,456,22.8,9,0.3947,0.471
131,ring_insert,molmoact2,failure,478,23.9,11,0.4603,0.427
132,ring_insert,molmoact2,failure,468,23.4,11,0.4701,0.41
133,ring_insert,molmoact2,failure,451,22.6,10,0.4435,0.47
134,ring_insert,molmoact2,failure,477,23.9,12,0.5031,0.453
135,ring_insert,molmoact2,failure,460,23.0,6,0.2609,0.559
136,ring_insert,molmoact2,failure,486,24.3,14,0.5761,0.372
137,ring_insert,molmoact2,failure,499,24.9,14,0.5611,0.393
138,ring_insert,molmoact2,successful,238,11.9,4,0.3361,0.676
139,ring_insert,molmoact2,failure,492,24.6,14,0.5691,0.445
140,ring_insert,molmoact2,failure,467,23.4,14,0.5996,0.531
141,ring_insert,molmoact2,failure,450,22.5,12,0.5333,0.438
142,ring_insert,molmoact2,failure,435,21.8,10,0.4598,0.485
143,ring_insert,molmoact2,successful,235,11.8,3,0.2553,0.745
144,ring_insert,molmoact2,failure,431,21.6,6,0.2784,0.666
145,ring_insert,molmoact2,failure,433,21.6,5,0.2309,0.721
146,ring_insert,molmoact2,failure,450,22.5,12,0.5333,0.46
147,ring_insert,molmoact2,failure,471,23.6,8,0.3397,0.414
148,ring_insert,molmoact2,failure,218,10.9,3,0.2752,0.752
149,ring_insert,molmoact2,failure,443,22.1,12,0.5418,0.438
150,ring_insert,molmoact2,failure,447,22.4,6,0.2685,0.732
151,ring_insert,molmoact2,failure,527,26.4,9,0.3416,0.67
152,ring_insert,molmoact2,failure,523,26.1,9,0.3442,0.707
153,ring_insert,molmoact2,failure,511,25.6,11,0.4305,0.509
154,ring_insert,molmoact2,failure,521,26.1,8,0.3071,0.649
155,ring_insert,molmoact2,failure,479,23.9,9,0.3758,0.664
156,ring_insert,molmoact2,successful,217,10.8,3,0.2765,0.811
157,ring_insert,molmoact2,failure,451,22.6,12,0.5322,0.424
158,ring_insert,molmoact2,failure,462,23.1,11,0.4762,0.483
159,ring_insert,molmoact2,failure,407,20.4,12,0.5897,0.452
160,ring_insert,molmoact2,successful,239,11.9,3,0.251,0.787
161,ring_insert,molmoact2,failure,436,21.8,12,0.5505,0.491
162,ring_insert,molmoact2,failure,430,21.5,12,0.5581,0.46
163,ring_insert,molmoact2,failure,416,20.8,10,0.4808,0.476
164,ring_insert,molmoact2,failure,420,21.0,11,0.5238,0.462
165,ring_insert,grootn1.7,successful,192,9.6,4,0.4167,0.698
166,ring_insert,grootn1.7,successful,210,10.5,3,0.2857,0.557
167,ring_insert,grootn1.7,successful,230,11.5,3,0.2609,0.691
168,ring_insert,grootn1.7,successful,236,11.8,3,0.2542,0.831
169,ring_insert,grootn1.7,successful,229,11.4,3,0.262,0.69
170,ring_insert,grootn1.7,failure,449,22.4,6,0.2673,0.641
171,ring_insert,grootn1.7,successful,340,17.0,4,0.2353,0.621
172,ring_insert,grootn1.7,successful,304,15.2,4,0.2632,0.424
173,ring_insert,grootn1.7,failure,460,23.0,5,0.2174,0.317
174,ring_insert,grootn1.7,failure,452,22.6,9,0.3982,0.396
175,ring_insert,grootn1.7,successful,209,10.4,3,0.2871,0.727
176,ring_insert,grootn1.7,failure,449,22.4,3,0.1336,0.14
177,ring_insert,grootn1.7,successful,202,10.1,3,0.297,0.718
178,ring_insert,grootn1.7,successful,260,13.0,4,0.3077,0.715
179,ring_insert,grootn1.7,successful,250,12.5,3,0.24,0.876
180,ring_insert,grootn1.7,successful,204,10.2,3,0.2941,0.77
181,ring_insert,grootn1.7,failure,433,21.6,7,0.3233,0.397
182,ring_insert,grootn1.7,failure,424,21.2,6,0.283,0.528
183,ring_insert,grootn1.7,successful,223,11.2,3,0.2691,0.776
184,ring_insert,grootn1.7,successful,236,11.8,4,0.339,0.686
185,ring_insert,grootn1.7,failure,433,21.6,10,0.4619,0.61
186,ring_insert,grootn1.7,successful,250,12.5,4,0.32,0.62
187,ring_insert,grootn1.7,successful,360,18.0,8,0.4444,0.589
188,ring_insert,grootn1.7,successful,224,11.2,3,0.2679,0.737
189,ring_insert,grootn1.7,failure,429,21.4,8,0.373,0.65
190,ring_insert,grootn1.7,failure,420,21.0,6,0.2857,0.474
191,ring_insert,grootn1.7,failure,433,21.6,4,0.1848,0.356
192,ring_insert,grootn1.7,successful,273,13.7,3,0.2198,0.601
193,ring_insert,grootn1.7,failure,431,21.6,4,0.1856,0.633
194,ring_insert,grootn1.7,failure,432,21.6,9,0.4167,0.373
195,ring_insert,pi0,successful,224,11.2,4,0.3571,0.679
196,ring_insert,pi0,failure,556,27.8,8,0.2878,0.511
197,ring_insert,pi0,failure,539,26.9,10,0.3711,0.531
198,ring_insert,pi0,successful,328,16.4,6,0.3659,0.579
199,ring_insert,pi0,failure,561,28.1,11,0.3922,0.39
200,ring_insert,pi0,failure,536,26.8,10,0.3731,0.356
201,ring_insert,pi0,failure,557,27.9,11,0.395,0.312
202,ring_insert,pi0,failure,564,28.2,10,0.3546,0.307
203,ring_insert,pi0,failure,551,27.6,13,0.4719,0.216
204,ring_insert,pi0,failure,562,28.1,7,0.2491,0.555
205,ring_insert,pi0,failure,568,28.4,8,0.2817,0.595
206,ring_insert,pi0,failure,557,27.9,7,0.2513,0.688
207,ring_insert,pi0,failure,548,27.4,7,0.2555,0.619
208,ring_insert,pi0,failure,542,27.1,9,0.3321,0.498
209,ring_insert,pi0,failure,566,28.3,9,0.318,0.532
210,ring_insert,pi0,failure,576,28.8,13,0.4514,0.293
211,ring_insert,pi0,failure,580,29.0,10,0.3448,0.584
212,ring_insert,pi0,failure,571,28.6,11,0.3853,0.363
213,ring_insert,pi0,failure,576,28.8,10,0.3472,0.566
214,ring_insert,pi0,successful,470,23.5,8,0.3404,0.685
215,ring_insert,pi0,failure,576,28.8,12,0.4167,0.408
216,ring_insert,pi0,failure,582,29.1,10,0.3436,0.287
217,ring_insert,pi0,successful,536,26.8,7,0.2612,0.61
218,ring_insert,pi0,successful,310,15.5,3,0.1935,0.835
219,ring_insert,pi0,failure,557,27.9,7,0.2513,0.628
220,ring_insert,pi0,failure,574,28.7,8,0.2787,0.561
221,ring_insert,pi0,failure,568,28.4,6,0.2113,0.715
222,ring_insert,pi0,failure,566,28.3,7,0.2473,0.521
223,ring_insert,pi0,failure,532,26.6,6,0.2256,0.622
224,ring_insert,pi0,failure,544,27.2,9,0.3309,0.603
225,ring_insert,pi0.5,successful,426,21.3,7,0.3286,0.563
226,ring_insert,pi0.5,failure,568,28.4,12,0.4225,0.389
227,ring_insert,pi0.5,successful,380,19.0,7,0.3684,0.508
228,ring_insert,pi0.5,successful,200,10.0,3,0.3,0.8
229,ring_insert,pi0.5,successful,467,23.4,5,0.2141,0.709
230,ring_insert,pi0.5,successful,204,10.2,3,0.2941,0.77
231,ring_insert,pi0.5,failure,567,28.4,7,0.2469,0.665
232,ring_insert,pi0.5,failure,545,27.2,10,0.367,0.29
233,ring_insert,pi0.5,failure,572,28.6,7,0.2448,0.696
234,ring_insert,pi0.5,failure,541,27.1,7,0.2588,0.643
235,ring_insert,pi0.5,failure,551,27.6,8,0.2904,0.499
236,ring_insert,pi0.5,successful,400,20.0,6,0.3,0.708
237,ring_insert,pi0.5,failure,576,28.8,9,0.3125,0.564
238,ring_insert,pi0.5,successful,304,15.2,3,0.1974,0.839
239,ring_insert,pi0.5,successful,216,10.8,3,0.2778,0.819
240,ring_insert,pi0.5,successful,184,9.2,3,0.3261,0.772
241,ring_insert,pi0.5,successful,200,10.0,3,0.3,0.765
242,ring_insert,pi0.5,successful,196,9.8,3,0.3061,0.791
243,ring_insert,pi0.5,failure,572,28.6,10,0.3497,0.465
244,ring_insert,pi0.5,successful,530,26.5,11,0.4151,0.53
245,ring_insert,pi0.5,failure,561,28.1,9,0.3209,0.572
246,ring_insert,pi0.5,failure,555,27.8,9,0.3243,0.602
247,ring_insert,pi0.5,failure,569,28.4,5,0.1757,0.478
248,ring_insert,pi0.5,failure,574,28.7,6,0.2091,0.683
249,ring_insert,pi0.5,failure,557,27.9,9,0.3232,0.474
250,ring_insert,pi0.5,successful,429,21.4,5,0.2331,0.713
251,ring_insert,pi0.5,failure,532,26.6,10,0.3759,0.35
252,ring_insert,pi0.5,failure,539,26.9,6,0.2226,0.709
253,ring_insert,pi0.5,successful,224,11.2,5,0.4464,0.817
254,ring_insert,pi0.5,failure,559,27.9,8,0.2862,0.24
255,ring_insert,teleoperated,successful,231,11.6,3,0.2597,0.706
256,ring_insert,teleoperated,successful,216,10.8,3,0.2778,0.634
257,ring_insert,teleoperated,successful,190,9.5,3,0.3158,0.747
258,ring_insert,teleoperated,successful,241,12.1,4,0.332,0.689
259,ring_insert,teleoperated,successful,186,9.3,3,0.3226,0.683
260,ring_insert,teleoperated,successful,195,9.8,3,0.3077,0.692
261,ring_insert,teleoperated,successful,228,11.4,3,0.2632,0.794
262,ring_insert,teleoperated,successful,210,10.5,3,0.2857,0.7
263,ring_insert,teleoperated,successful,258,12.9,3,0.2326,0.829
264,ring_insert,teleoperated,successful,200,10.0,3,0.3,0.74
265,ring_insert,teleoperated,successful,228,11.4,3,0.2632,0.667
266,ring_insert,teleoperated,successful,260,13.0,3,0.2308,0.638
267,ring_insert,teleoperated,successful,208,10.4,3,0.2885,0.702
268,ring_insert,teleoperated,successful,230,11.5,3,0.2609,0.709
269,ring_insert,teleoperated,successful,235,11.8,3,0.2553,0.706
270,ring_insert,teleoperated,successful,218,10.9,3,0.2752,0.784
271,ring_insert,teleoperated,successful,227,11.3,3,0.2643,0.78
272,ring_insert,teleoperated,successful,294,14.7,4,0.2721,0.667
273,ring_insert,teleoperated,successful,211,10.6,3,0.2844,0.787
274,ring_insert,teleoperated,successful,218,10.9,3,0.2752,0.647
275,ring_insert,teleoperated,successful,225,11.2,4,0.3556,0.671
276,ring_insert,teleoperated,successful,240,12.0,3,0.25,0.804
277,ring_insert,teleoperated,successful,227,11.3,3,0.2643,0.824
278,ring_insert,teleoperated,successful,233,11.7,3,0.2575,0.773
279,ring_insert,teleoperated,successful,207,10.3,3,0.2899,0.729
280,ring_insert,teleoperated,successful,223,11.2,3,0.2691,0.785
281,ring_insert,teleoperated,successful,202,10.1,3,0.297,0.713
282,ring_insert,teleoperated,successful,222,11.1,3,0.2703,0.73
283,ring_insert,teleoperated,successful,238,11.9,3,0.2521,0.613
284,ring_insert,teleoperated,successful,184,9.2,3,0.3261,0.734
285,ring_insert,teleoperated,successful,180,9.0,3,0.3333,0.817
286,ring_insert,teleoperated,successful,237,11.8,4,0.3376,0.759
287,ring_insert,teleoperated,successful,223,11.2,3,0.2691,0.771
288,ring_insert,teleoperated,successful,200,10.0,3,0.3,0.7
289,ring_insert,teleoperated,successful,282,14.1,4,0.2837,0.578
290,ring_insert,teleoperated,successful,206,10.3,3,0.2913,0.767
291,ring_insert,teleoperated,successful,358,17.9,5,0.2793,0.684
292,ring_insert,teleoperated,successful,463,23.1,4,0.1728,0.683
293,ring_insert,teleoperated,successful,284,14.2,3,0.2113,0.81
294,ring_insert,teleoperated,successful,279,13.9,3,0.2151,0.806
295,ring_insert,teleoperated,successful,255,12.8,3,0.2353,0.761
296,ring_insert,teleoperated,successful,232,11.6,3,0.2586,0.703
297,ring_insert,teleoperated,successful,281,14.1,3,0.2135,0.783
298,ring_insert,teleoperated,successful,229,11.4,3,0.262,0.755
299,ring_insert,teleoperated,successful,241,12.1,3,0.249,0.78
300,ring_insert,teleoperated,successful,235,11.8,3,0.2553,0.753
301,ring_insert,teleoperated,successful,206,10.3,3,0.2913,0.718
302,ring_insert,teleoperated,successful,197,9.8,3,0.3046,0.787
303,ring_insert,teleoperated,successful,190,9.5,3,0.3158,0.784
304,ring_insert,teleoperated,successful,216,10.8,3,0.2778,0.722
305,block_stack,diffusion,failure,464,23.2,9,0.3879,0.614
306,block_stack,diffusion,failure,454,22.7,4,0.1762,0.698
307,block_stack,diffusion,failure,458,22.9,7,0.3057,0.552
308,block_stack,diffusion,failure,456,22.8,5,0.2193,0.875
309,block_stack,diffusion,failure,455,22.8,6,0.2637,0.547
310,block_stack,diffusion,failure,465,23.2,5,0.2151,0.673
311,block_stack,diffusion,failure,459,22.9,4,0.1743,0.708
312,block_stack,diffusion,failure,451,22.6,6,0.2661,0.523
313,block_stack,diffusion,failure,421,21.1,7,0.3325,0.589
314,block_stack,diffusion,failure,452,22.6,6,0.2655,0.653
315,block_stack,diffusion,failure,451,22.6,12,0.5322,0.539
316,block_stack,diffusion,failure,466,23.3,7,0.3004,0.513
317,block_stack,diffusion,failure,436,21.8,2,0.0917,0.908
318,block_stack,diffusion,failure,451,22.6,7,0.3104,0.545
319,block_stack,diffusion,failure,460,23.0,6,0.2609,0.515
320,block_stack,diffusion,failure,457,22.9,4,0.1751,0.777
321,block_stack,diffusion,failure,451,22.6,8,0.3548,0.576
322,block_stack,diffusion,failure,448,22.4,11,0.4911,0.48
323,block_stack,diffusion,failure,427,21.4,8,0.3747,0.52
324,block_stack,diffusion,failure,457,22.9,4,0.1751,0.847
325,block_stack,diffusion,failure,449,22.4,7,0.3118,0.503
326,block_stack,diffusion,failure,459,22.9,5,0.2179,0.688
327,block_stack,diffusion,failure,446,22.3,5,0.2242,0.538
328,block_stack,diffusion,failure,438,21.9,6,0.274,0.79
329,block_stack,diffusion,failure,464,23.2,6,0.2586,0.78
330,block_stack,diffusion,failure,462,23.1,3,0.1299,0.773
331,block_stack,diffusion,failure,456,22.8,7,0.307,0.741
332,block_stack,diffusion,failure,440,22.0,5,0.2273,0.57
333,block_stack,diffusion,failure,449,22.4,8,0.3563,0.452
334,block_stack,diffusion,failure,449,22.4,7,0.3118,0.452
335,block_stack,act,failure,456,22.8,8,0.3509,0.55
336,block_stack,act,failure,450,22.5,8,0.3556,0.489
337,block_stack,act,failure,463,23.1,3,0.1296,0.847
338,block_stack,act,failure,449,22.4,2,0.0891,0.944
339,block_stack,act,failure,439,21.9,7,0.3189,0.638
340,block_stack,act,failure,465,23.2,2,0.086,0.91
341,block_stack,act,failure,465,23.2,4,0.172,0.798
342,block_stack,act,failure,466,23.3,8,0.3433,0.532
343,block_stack,act,failure,452,22.6,2,0.0885,0.914
344,block_stack,act,failure,469,23.4,12,0.5117,0.482
345,block_stack,act,failure,466,23.3,8,0.3433,0.491
346,block_stack,act,failure,468,23.4,10,0.4274,0.583
347,block_stack,act,failure,452,22.6,9,0.3982,0.546
348,block_stack,act,failure,135,6.8,3,0.4444,0.415
349,block_stack,act,failure,466,23.3,12,0.515,0.519
350,block_stack,act,failure,469,23.4,13,0.5544,0.608
351,block_stack,act,failure,481,24.1,11,0.4574,0.659
352,block_stack,act,failure,471,23.6,9,0.3822,0.701
353,block_stack,act,failure,468,23.4,2,0.0855,0.915
354,block_stack,act,failure,455,22.8,8,0.3516,0.297
355,block_stack,act,failure,478,23.9,3,0.1255,0.824
356,block_stack,act,failure,452,22.6,10,0.4425,0.438
357,block_stack,act,failure,447,22.4,12,0.5369,0.658
358,block_stack,act,failure,435,21.8,8,0.3678,0.448
359,block_stack,act,failure,474,23.7,8,0.3376,0.61
360,block_stack,act,failure,453,22.6,13,0.574,0.572
361,block_stack,act,failure,456,22.8,10,0.4386,0.59
362,block_stack,act,failure,452,22.6,9,0.3982,0.562
363,block_stack,act,failure,466,23.3,9,0.3863,0.642
364,block_stack,act,failure,456,22.8,12,0.5263,0.627
365,block_stack,smolvla,failure,449,22.4,9,0.4009,0.508
366,block_stack,smolvla,failure,451,22.6,3,0.133,0.847
367,block_stack,smolvla,failure,474,23.7,9,0.3797,0.599
368,block_stack,smolvla,failure,443,22.1,9,0.4063,0.553
369,block_stack,smolvla,failure,466,23.3,9,0.3863,0.521
370,block_stack,smolvla,successful,390,19.5,4,0.2051,0.828
371,block_stack,smolvla,failure,460,23.0,2,0.087,0.904
372,block_stack,smolvla,failure,462,23.1,9,0.3896,0.448
373,block_stack,smolvla,failure,451,22.6,4,0.1774,0.84
374,block_stack,smolvla,failure,466,23.3,3,0.1288,0.876
375,block_stack,smolvla,failure,466,23.3,9,0.3863,0.564
376,block_stack,smolvla,failure,458,22.9,5,0.2183,0.832
377,block_stack,smolvla,failure,424,21.2,8,0.3774,0.519
378,block_stack,smolvla,failure,451,22.6,7,0.3104,0.727
379,block_stack,smolvla,failure,446,22.3,10,0.4484,0.585
380,block_stack,smolvla,failure,450,22.5,9,0.4,0.467
381,block_stack,smolvla,failure,463,23.1,9,0.3888,0.508
382,block_stack,smolvla,failure,465,23.2,7,0.3011,0.428
383,block_stack,smolvla,failure,440,22.0,9,0.4091,0.552
384,block_stack,smolvla,failure,455,22.8,9,0.3956,0.446
385,block_stack,smolvla,failure,440,22.0,8,0.3636,0.595
386,block_stack,smolvla,failure,426,21.3,4,0.1878,0.768
387,block_stack,smolvla,failure,456,22.8,5,0.2193,0.64
388,block_stack,smolvla,failure,466,23.3,9,0.3863,0.534
389,block_stack,smolvla,failure,441,22.1,9,0.4082,0.499
390,block_stack,smolvla,failure,448,22.4,9,0.4018,0.455
391,block_stack,smolvla,successful,230,11.5,3,0.2609,0.67
392,block_stack,smolvla,failure,459,22.9,7,0.305,0.599
393,block_stack,smolvla,failure,446,22.3,8,0.3587,0.565
394,block_stack,smolvla,failure,458,22.9,7,0.3057,0.635
395,block_stack,smolvla,failure,445,22.2,7,0.3146,0.604
396,block_stack,smolvla,failure,457,22.9,6,0.2626,0.571
397,block_stack,smolvla,failure,446,22.3,3,0.1345,0.906
398,block_stack,smolvla,failure,432,21.6,4,0.1852,0.771
399,block_stack,smolvla,failure,447,22.4,9,0.4027,0.45
400,block_stack,smolvla,failure,459,22.9,9,0.3922,0.418
401,block_stack,smolvla,failure,441,22.1,2,0.0907,0.907
402,block_stack,smolvla,failure,289,14.4,5,0.346,0.526
403,block_stack,smolvla,failure,455,22.8,9,0.3956,0.503
404,block_stack,smolvla,failure,447,22.4,9,0.4027,0.508
405,block_stack,smolvla,failure,475,23.8,6,0.2526,0.731
406,block_stack,smolvla,failure,477,23.9,9,0.3774,0.47
407,block_stack,smolvla,failure,435,21.8,6,0.2759,0.566
408,block_stack,smolvla,failure,443,22.1,8,0.3612,0.598
409,block_stack,smolvla,successful,220,11.0,3,0.2727,0.645
410,block_stack,molmoact2,failure,321,16.1,5,0.3115,0.352
411,block_stack,molmoact2,successful,276,13.8,3,0.2174,0.772
412,block_stack,molmoact2,failure,346,17.3,3,0.1734,0.246
413,block_stack,molmoact2,failure,344,17.2,5,0.2907,0.419
414,block_stack,molmoact2,failure,358,17.9,5,0.2793,0.246
415,block_stack,molmoact2,failure,342,17.1,5,0.2924,0.421
416,block_stack,molmoact2,failure,361,18.1,5,0.277,0.202
417,block_stack,molmoact2,failure,338,16.9,4,0.2367,0.37
418,block_stack,molmoact2,failure,359,17.9,4,0.2228,0.588
419,block_stack,molmoact2,failure,338,16.9,8,0.4734,0.435
420,block_stack,molmoact2,failure,316,15.8,3,0.1899,0.658
421,block_stack,molmoact2,failure,284,14.2,4,0.2817,0.419
422,block_stack,molmoact2,failure,334,16.7,6,0.3593,0.362
423,block_stack,molmoact2,failure,344,17.2,4,0.2326,0.64
424,block_stack,molmoact2,failure,345,17.2,5,0.2899,0.435
425,block_stack,molmoact2,failure,332,16.6,4,0.241,0.608
426,block_stack,molmoact2,failure,354,17.7,3,0.1695,0.257
427,block_stack,molmoact2,failure,320,16.0,3,0.1875,0.35
428,block_stack,molmoact2,failure,373,18.6,5,0.2681,0.483
429,block_stack,molmoact2,failure,350,17.5,5,0.2857,0.217
430,block_stack,molmoact2,failure,359,17.9,3,0.1671,0.708
431,block_stack,molmoact2,failure,367,18.4,2,0.109,0.88
432,block_stack,molmoact2,failure,370,18.5,7,0.3784,0.378
433,block_stack,molmoact2,failure,376,18.8,6,0.3191,0.359
434,block_stack,molmoact2,failure,374,18.7,6,0.3209,0.433
435,block_stack,molmoact2,failure,375,18.8,2,0.1067,0.861
436,block_stack,molmoact2,failure,373,18.6,4,0.2145,0.622
437,block_stack,molmoact2,failure,359,17.9,6,0.3343,0.554
438,block_stack,molmoact2,failure,340,17.0,6,0.3529,0.347
439,block_stack,molmoact2,failure,311,15.6,4,0.2572,0.469
440,block_stack,molmoact2,failure,431,21.6,7,0.3248,0.471
441,block_stack,molmoact2,failure,421,21.1,7,0.3325,0.482
442,block_stack,molmoact2,failure,412,20.6,7,0.3398,0.374
443,block_stack,molmoact2,failure,400,20.0,7,0.35,0.432
444,block_stack,molmoact2,failure,416,20.8,5,0.2404,0.575
445,block_stack,molmoact2,failure,437,21.9,5,0.2288,0.716
446,block_stack,molmoact2,failure,490,24.5,7,0.2857,0.339
447,block_stack,molmoact2,failure,505,25.2,8,0.3168,0.424
448,block_stack,molmoact2,failure,500,25.0,3,0.12,0.84
449,block_stack,molmoact2,failure,511,25.6,9,0.3523,0.348
450,block_stack,molmoact2,failure,505,25.2,2,0.0792,0.933
451,block_stack,molmoact2,failure,476,23.8,8,0.3361,0.292
452,block_stack,molmoact2,failure,438,21.9,9,0.411,0.317
453,block_stack,molmoact2,successful,269,13.4,3,0.223,0.758
454,block_stack,molmoact2,failure,407,20.4,3,0.1474,0.727
455,block_stack,molmoact2,failure,318,15.9,5,0.3145,0.305
456,block_stack,molmoact2,failure,400,20.0,6,0.3,0.482
457,block_stack,molmoact2,failure,427,21.4,6,0.281,0.225
458,block_stack,molmoact2,failure,419,20.9,8,0.3819,0.334
459,block_stack,molmoact2,failure,372,18.6,4,0.2151,0.683
460,block_stack,molmoact2,failure,500,25.0,7,0.28,0.64
461,block_stack,molmoact2,failure,497,24.9,4,0.161,0.845
462,block_stack,molmoact2,failure,508,25.4,2,0.0787,0.927
463,block_stack,molmoact2,failure,499,24.9,6,0.2405,0.285
464,block_stack,molmoact2,failure,501,25.1,8,0.3194,0.349
465,block_stack,molmoact2,failure,503,25.1,9,0.3579,0.326
466,block_stack,molmoact2,successful,451,22.6,5,0.2217,0.652
467,block_stack,molmoact2,failure,505,25.2,8,0.3168,0.226
468,block_stack,molmoact2,failure,502,25.1,7,0.2789,0.384
469,block_stack,molmoact2,failure,473,23.6,8,0.3383,0.336
470,block_stack,grootn1.7,failure,460,23.0,6,0.2609,0.359
471,block_stack,grootn1.7,failure,463,23.1,8,0.3456,0.281
472,block_stack,grootn1.7,failure,465,23.2,5,0.2151,0.735
473,block_stack,grootn1.7,failure,440,22.0,5,0.2273,0.175
474,block_stack,grootn1.7,failure,439,21.9,6,0.2733,0.551
475,block_stack,grootn1.7,failure,436,21.8,6,0.2752,0.401
476,block_stack,grootn1.7,successful,304,15.2,3,0.1974,0.724
477,block_stack,grootn1.7,failure,438,21.9,6,0.274,0.785
478,block_stack,grootn1.7,successful,290,14.5,3,0.2069,0.731
479,block_stack,grootn1.7,successful,240,12.0,3,0.25,0.637
480,block_stack,grootn1.7,failure,442,22.1,4,0.181,0.251
481,block_stack,grootn1.7,failure,449,22.4,4,0.1782,0.479
482,block_stack,grootn1.7,failure,440,22.0,7,0.3182,0.434
483,block_stack,grootn1.7,failure,436,21.8,5,0.2294,0.596
484,block_stack,grootn1.7,failure,444,22.2,3,0.1351,0.417
485,block_stack,grootn1.7,failure,439,21.9,3,0.1367,0.629
486,block_stack,grootn1.7,successful,180,9.0,3,0.3333,0.661
487,block_stack,grootn1.7,failure,428,21.4,7,0.3271,0.682
488,block_stack,grootn1.7,failure,438,21.9,7,0.3196,0.372
489,block_stack,grootn1.7,successful,451,22.6,4,0.1774,0.483
490,block_stack,grootn1.7,failure,417,20.9,4,0.1918,0.722
491,block_stack,grootn1.7,failure,377,18.9,6,0.3183,0.719
492,block_stack,grootn1.7,failure,369,18.4,1,0.0542,0.198
493,block_stack,grootn1.7,failure,416,20.8,8,0.3846,0.587
494,block_stack,grootn1.7,failure,435,21.8,9,0.4138,0.568
495,block_stack,grootn1.7,successful,216,10.8,4,0.3704,0.736
496,block_stack,grootn1.7,failure,433,21.6,4,0.1848,0.418
497,block_stack,grootn1.7,failure,449,22.4,7,0.3118,0.51
498,block_stack,grootn1.7,successful,250,12.5,3,0.24,0.756
499,block_stack,grootn1.7,successful,448,22.4,6,0.2679,0.406
500,block_stack,pi0,failure,570,28.5,5,0.1754,0.818
501,block_stack,pi0,failure,538,26.9,12,0.4461,0.574
502,block_stack,pi0,failure,550,27.5,8,0.2909,0.762
503,block_stack,pi0,failure,545,27.2,5,0.1835,0.873
504,block_stack,pi0,successful,176,8.8,3,0.3409,0.614
505,block_stack,pi0,failure,565,28.2,13,0.4602,0.568
506,block_stack,pi0,failure,545,27.2,4,0.1468,0.789
507,block_stack,pi0,failure,555,27.8,6,0.2162,0.823
508,block_stack,pi0,successful,180,9.0,3,0.3333,0.572
509,block_stack,pi0,failure,562,28.1,12,0.427,0.714
510,block_stack,pi0,failure,546,27.3,3,0.1099,0.738
511,block_stack,pi0,successful,200,10.0,3,0.3,0.68
512,block_stack,pi0,failure,558,27.9,10,0.3584,0.642
513,block_stack,pi0,successful,320,16.0,3,0.1875,0.781
514,block_stack,pi0,successful,324,16.2,3,0.1852,0.778
515,block_stack,pi0,failure,555,27.8,6,0.2162,0.741
516,block_stack,pi0,failure,529,26.4,6,0.2268,0.69
517,block_stack,pi0,failure,548,27.4,5,0.1825,0.794
518,block_stack,pi0,failure,554,27.7,9,0.3249,0.634
519,block_stack,pi0,failure,552,27.6,10,0.3623,0.685
520,block_stack,pi0,failure,556,27.8,10,0.3597,0.673
521,block_stack,pi0,failure,541,27.1,8,0.2957,0.499
522,block_stack,pi0,failure,537,26.9,10,0.3724,0.639
523,block_stack,pi0,failure,555,27.8,9,0.3243,0.622
524,block_stack,pi0,successful,170,8.5,3,0.3529,0.594
525,block_stack,pi0,successful,244,12.2,3,0.2459,0.672
526,block_stack,pi0,successful,204,10.2,3,0.2941,0.77
527,block_stack,pi0,successful,230,11.5,3,0.2609,0.765
528,block_stack,pi0,failure,562,28.1,8,0.2847,0.673
529,block_stack,pi0,successful,230,11.5,3,0.2609,0.726
530,block_stack,pi0.5,successful,250,12.5,3,0.24,0.732
531,block_stack,pi0.5,successful,220,11.0,4,0.3636,0.668
532,block_stack,pi0.5,failure,564,28.2,9,0.3191,0.528
533,block_stack,pi0.5,failure,561,28.1,8,0.2852,0.578
534,block_stack,pi0.5,successful,480,24.0,4,0.1667,0.752
535,block_stack,pi0.5,failure,556,27.8,8,0.2878,0.567
536,block_stack,pi0.5,failure,565,28.2,10,0.354,0.508
537,block_stack,pi0.5,successful,209,10.4,3,0.2871,0.675
538,block_stack,pi0.5,failure,568,28.4,5,0.1761,0.752
539,block_stack,pi0.5,successful,240,12.0,3,0.25,0.667
540,block_stack,pi0.5,successful,236,11.8,4,0.339,0.703
541,block_stack,pi0.5,failure,545,27.2,8,0.2936,0.516
542,block_stack,pi0.5,successful,400,20.0,6,0.3,0.598
543,block_stack,pi0.5,failure,562,28.1,3,0.1068,0.9
544,block_stack,pi0.5,failure,570,28.5,7,0.2456,0.388
545,block_stack,pi0.5,successful,190,9.5,3,0.3158,0.668
546,block_stack,pi0.5,successful,300,15.0,6,0.4,0.663
547,block_stack,pi0.5,failure,557,27.9,4,0.1436,0.664
548,block_stack,pi0.5,successful,190,9.5,3,0.3158,0.595
549,block_stack,pi0.5,successful,250,12.5,3,0.24,0.668
550,block_stack,pi0.5,successful,388,19.4,4,0.2062,0.758
551,block_stack,pi0.5,failure,569,28.4,11,0.3866,0.344
552,block_stack,pi0.5,failure,542,27.1,9,0.3321,0.557
553,block_stack,pi0.5,failure,553,27.6,4,0.1447,0.741
554,block_stack,pi0.5,failure,560,28.0,9,0.3214,0.484
555,block_stack,pi0.5,failure,562,28.1,9,0.3203,0.505
556,block_stack,pi0.5,failure,557,27.9,8,0.2873,0.388
557,block_stack,pi0.5,successful,500,25.0,9,0.36,0.632
558,block_stack,pi0.5,failure,576,28.8,9,0.3125,0.498
559,block_stack,pi0.5,failure,558,27.9,7,0.2509,0.762
560,block_stack,teleoperated,successful,228,11.4,3,0.2632,0.627
561,block_stack,teleoperated,successful,245,12.2,3,0.2449,0.678
562,block_stack,teleoperated,successful,290,14.5,3,0.2069,0.748
563,block_stack,teleoperated,successful,286,14.3,3,0.2098,0.706
564,block_stack,teleoperated,successful,233,11.7,3,0.2575,0.708
565,block_stack,teleoperated,successful,213,10.7,3,0.2817,0.662
566,block_stack,teleoperated,successful,219,10.9,3,0.274,0.644
567,block_stack,teleoperated,successful,302,15.1,3,0.1987,0.685
568,block_stack,teleoperated,successful,284,14.2,3,0.2113,0.637
569,block_stack,teleoperated,successful,257,12.8,3,0.2335,0.689
570,block_stack,teleoperated,successful,506,25.3,4,0.1581,0.625
571,block_stack,teleoperated,successful,305,15.2,3,0.1967,0.761
572,block_stack,teleoperated,successful,297,14.8,3,0.202,0.684
573,block_stack,teleoperated,successful,252,12.6,3,0.2381,0.71
574,block_stack,teleoperated,successful,355,17.8,3,0.169,0.715
575,block_stack,teleoperated,successful,402,20.1,4,0.199,0.662
576,block_stack,teleoperated,successful,230,11.5,3,0.2609,0.7
577,block_stack,teleoperated,successful,226,11.3,3,0.2655,0.681
578,block_stack,teleoperated,successful,222,11.1,3,0.2703,0.595
579,block_stack,teleoperated,successful,310,15.5,3,0.1935,0.642
580,block_stack,teleoperated,successful,284,14.2,3,0.2113,0.665
581,block_stack,teleoperated,successful,269,13.4,3,0.223,0.695
582,block_stack,teleoperated,successful,245,12.2,3,0.2449,0.71
583,block_stack,teleoperated,successful,258,12.9,3,0.2326,0.69
584,block_stack,teleoperated,successful,284,14.2,3,0.2113,0.669
585,block_stack,teleoperated,successful,242,12.1,3,0.2479,0.624
586,block_stack,teleoperated,successful,237,11.8,3,0.2532,0.662
587,block_stack,teleoperated,successful,216,10.8,3,0.2778,0.699
588,block_stack,teleoperated,successful,223,11.2,3,0.2691,0.565
589,block_stack,teleoperated,successful,255,12.8,3,0.2353,0.576
590,block_stack,teleoperated,successful,230,11.5,3,0.2609,0.657
591,block_stack,teleoperated,successful,271,13.6,3,0.2214,0.62
592,block_stack,teleoperated,successful,230,11.5,3,0.2609,0.752
593,block_stack,teleoperated,successful,229,11.4,3,0.262,0.721
594,block_stack,teleoperated,successful,279,13.9,3,0.2151,0.728
595,block_stack,teleoperated,successful,185,9.2,3,0.3243,0.616
596,block_stack,teleoperated,successful,249,12.4,3,0.241,0.683
597,block_stack,teleoperated,successful,209,10.4,3,0.2871,0.675
598,block_stack,teleoperated,successful,239,11.9,3,0.251,0.594
599,block_stack,teleoperated,successful,232,11.6,3,0.2586,0.659
600,block_stack,teleoperated,successful,245,12.2,3,0.2449,0.641
601,block_stack,teleoperated,successful,269,13.4,3,0.223,0.706
602,block_stack,teleoperated,successful,254,12.7,3,0.2362,0.594
603,block_stack,teleoperated,successful,244,12.2,3,0.2459,0.643
604,block_stack,teleoperated,successful,243,12.2,3,0.2469,0.671
605,block_stack,teleoperated,successful,257,12.8,3,0.2335,0.696
606,block_stack,teleoperated,successful,211,10.6,3,0.2844,0.649
607,block_stack,teleoperated,successful,272,13.6,3,0.2206,0.739
608,block_stack,teleoperated,successful,233,11.7,3,0.2575,0.7
609,block_stack,teleoperated,successful,219,10.9,3,0.274,0.662
610,tool_insert,diffusion,suboptimal,391,19.6,3,0.1535,0.857
611,tool_insert,diffusion,failure,393,19.6,5,0.2545,0.733
612,tool_insert,diffusion,failure,397,19.9,3,0.1511,0.826
613,tool_insert,diffusion,failure,417,20.9,4,0.1918,0.844
614,tool_insert,diffusion,failure,406,20.3,7,0.3448,0.778
615,tool_insert,diffusion,failure,391,19.6,3,0.1535,0.887
616,tool_insert,diffusion,failure,400,20.0,6,0.3,0.637
617,tool_insert,diffusion,suboptimal,415,20.8,3,0.1446,0.846
618,tool_insert,diffusion,failure,411,20.6,5,0.2433,0.783
619,tool_insert,diffusion,failure,408,20.4,6,0.2941,0.605
620,tool_insert,diffusion,failure,394,19.7,4,0.203,0.876
621,tool_insert,diffusion,successful,398,19.9,4,0.201,0.867
622,tool_insert,diffusion,successful,333,16.6,3,0.1802,0.847
623,tool_insert,diffusion,failure,401,20.1,3,0.1496,0.863
624,tool_insert,diffusion,failure,399,19.9,5,0.2506,0.617
625,tool_insert,diffusion,failure,396,19.8,4,0.202,0.831
626,tool_insert,diffusion,successful,312,15.6,3,0.1923,0.795
627,tool_insert,diffusion,successful,350,17.5,3,0.1714,0.829
628,tool_insert,diffusion,failure,405,20.2,4,0.1975,0.773
629,tool_insert,diffusion,successful,304,15.2,3,0.1974,0.803
630,tool_insert,diffusion,successful,316,15.8,3,0.1899,0.839
631,tool_insert,diffusion,failure,417,20.9,2,0.0959,0.923
632,tool_insert,diffusion,suboptimal,385,19.2,3,0.1558,0.834
633,tool_insert,diffusion,failure,408,20.4,6,0.2941,0.564
634,tool_insert,diffusion,failure,413,20.6,9,0.4358,0.692
635,tool_insert,diffusion,failure,413,20.6,9,0.4358,0.53
636,tool_insert,diffusion,failure,403,20.1,7,0.3474,0.603
637,tool_insert,diffusion,successful,410,20.5,3,0.1463,0.856
638,tool_insert,diffusion,failure,395,19.8,5,0.2532,0.803
639,tool_insert,diffusion,failure,377,18.9,7,0.3714,0.602
640,tool_insert,act,suboptimal,461,23.1,4,0.1735,0.852
641,tool_insert,act,successful,456,22.8,3,0.1316,0.89
642,tool_insert,act,suboptimal,478,23.9,7,0.2929,0.724
643,tool_insert,act,failure,466,23.3,9,0.3863,0.687
644,tool_insert,act,failure,469,23.4,8,0.3412,0.595
645,tool_insert,act,failure,455,22.8,9,0.3956,0.571
646,tool_insert,act,failure,464,23.2,7,0.3017,0.823
647,tool_insert,act,failure,460,23.0,9,0.3913,0.667
648,tool_insert,act,failure,457,22.9,8,0.3501,0.619
649,tool_insert,act,failure,474,23.7,4,0.1688,0.895
650,tool_insert,act,suboptimal,479,23.9,3,0.1253,0.866
651,tool_insert,act,suboptimal,455,22.8,3,0.1319,0.846
652,tool_insert,act,failure,458,22.9,6,0.262,0.603
653,tool_insert,act,failure,462,23.1,12,0.5195,0.667
654,tool_insert,act,failure,458,22.9,7,0.3057,0.683
655,tool_insert,act,failure,461,23.1,14,0.6074,0.456
656,tool_insert,act,failure,468,23.4,5,0.2137,0.791
657,tool_insert,act,failure,459,22.9,8,0.3486,0.564
658,tool_insert,act,suboptimal,458,22.9,3,0.131,0.934
659,tool_insert,act,failure,461,23.1,8,0.3471,0.575
660,tool_insert,act,suboptimal,350,17.5,4,0.2286,0.783
661,tool_insert,act,failure,359,17.9,7,0.39,0.632
662,tool_insert,act,failure,489,24.4,8,0.3272,0.628
663,tool_insert,act,failure,469,23.4,3,0.1279,0.925
664,tool_insert,act,failure,452,22.6,2,0.0885,0.934
665,tool_insert,act,failure,453,22.6,5,0.2208,0.841
666,tool_insert,act,failure,458,22.9,10,0.4367,0.465
667,tool_insert,act,failure,459,22.9,2,0.0871,0.954
668,tool_insert,act,suboptimal,442,22.1,5,0.2262,0.898
669,tool_insert,act,failure,479,23.9,10,0.4175,0.532
670,tool_insert,act,failure,648,32.4,11,0.3395,0.616
671,tool_insert,act,failure,676,33.8,7,0.2071,0.848
672,tool_insert,act,failure,659,33.0,11,0.3338,0.502
673,tool_insert,act,failure,285,14.2,6,0.4211,0.674
674,tool_insert,act,failure,507,25.4,4,0.1578,0.72
675,tool_insert,act,failure,653,32.6,13,0.3982,0.536
676,tool_insert,act,failure,208,10.4,2,0.1923,0.865
677,tool_insert,act,failure,642,32.1,12,0.3738,0.654
678,tool_insert,act,failure,665,33.2,11,0.3308,0.632
679,tool_insert,act,failure,291,14.6,5,0.3436,0.715
680,tool_insert,act,failure,626,31.3,11,0.3514,0.569
681,tool_insert,act,failure,646,32.3,2,0.0619,0.322
682,tool_insert,act,suboptimal,659,33.0,3,0.091,0.907
683,tool_insert,act,successful,638,31.9,3,0.094,0.892
684,tool_insert,act,successful,557,27.9,4,0.1436,0.847
685,tool_insert,act,failure,660,33.0,5,0.1515,0.814
686,tool_insert,act,failure,628,31.4,7,0.2229,0.83
687,tool_insert,act,failure,652,32.6,16,0.4908,0.537
688,tool_insert,act,failure,655,32.8,9,0.2748,0.734
689,tool_insert,act,suboptimal,620,31.0,5,0.1613,0.465
690,tool_insert,act,failure,665,33.2,15,0.4511,0.598
691,tool_insert,act,failure,676,33.8,13,0.3846,0.518
692,tool_insert,act,failure,648,32.4,11,0.3395,0.651
693,tool_insert,act,failure,629,31.4,12,0.3816,0.533
694,tool_insert,act,successful,330,16.5,3,0.1818,0.785
695,tool_insert,act,failure,638,31.9,13,0.4075,0.483
696,tool_insert,act,successful,543,27.1,3,0.1105,0.855
697,tool_insert,act,successful,364,18.2,3,0.1648,0.802
698,tool_insert,act,failure,649,32.5,11,0.339,0.681
699,tool_insert,act,successful,536,26.8,3,0.1119,0.91
700,tool_insert,smolvla,failure,441,22.1,3,0.1361,0.76
701,tool_insert,smolvla,suboptimal,456,22.8,3,0.1316,0.844
702,tool_insert,smolvla,failure,468,23.4,6,0.2564,0.808
703,tool_insert,smolvla,failure,442,22.1,5,0.2262,0.731
704,tool_insert,smolvla,suboptimal,451,22.6,5,0.2217,0.856
705,tool_insert,smolvla,failure,444,22.2,9,0.4054,0.532
706,tool_insert,smolvla,failure,455,22.8,6,0.2637,0.646
707,tool_insert,smolvla,suboptimal,449,22.4,5,0.2227,0.826
708,tool_insert,smolvla,suboptimal,276,13.8,3,0.2174,0.79
709,tool_insert,smolvla,failure,442,22.1,10,0.4525,0.629
710,tool_insert,smolvla,failure,435,21.8,9,0.4138,0.487
711,tool_insert,smolvla,failure,459,22.9,11,0.4793,0.542
712,tool_insert,smolvla,failure,463,23.1,7,0.3024,0.765
713,tool_insert,smolvla,failure,451,22.6,9,0.3991,0.561
714,tool_insert,smolvla,failure,460,23.0,6,0.2609,0.75
715,tool_insert,smolvla,failure,450,22.5,9,0.4,0.636
716,tool_insert,smolvla,failure,456,22.8,5,0.2193,0.857
717,tool_insert,smolvla,failure,444,22.2,3,0.1351,0.881
718,tool_insert,smolvla,failure,454,22.7,7,0.3084,0.725
719,tool_insert,smolvla,failure,440,22.0,6,0.2727,0.868
720,tool_insert,smolvla,failure,442,22.1,4,0.181,0.871
721,tool_insert,smolvla,suboptimal,444,22.2,4,0.1802,0.867
722,tool_insert,smolvla,failure,455,22.8,7,0.3077,0.754
723,tool_insert,smolvla,failure,460,23.0,3,0.1304,0.911
724,tool_insert,smolvla,failure,454,22.7,5,0.2203,0.881
725,tool_insert,smolvla,failure,433,21.6,3,0.1386,0.926
726,tool_insert,smolvla,failure,441,22.1,2,0.0907,0.946
727,tool_insert,smolvla,failure,443,22.1,6,0.2709,0.783
728,tool_insert,smolvla,failure,442,22.1,3,0.1357,0.939
729,tool_insert,smolvla,failure,456,22.8,9,0.3947,0.529
730,tool_insert,smolvla,suboptimal,647,32.4,6,0.1855,0.75
731,tool_insert,smolvla,successful,320,16.0,3,0.1875,0.831
732,tool_insert,smolvla,suboptimal,330,16.5,4,0.2424,0.818
733,tool_insert,smolvla,successful,580,29.0,3,0.1034,0.884
734,tool_insert,smolvla,failure,641,32.0,6,0.1872,0.839
735,tool_insert,smolvla,failure,639,31.9,8,0.2504,0.728
736,tool_insert,smolvla,suboptimal,390,19.5,3,0.1538,0.828
737,tool_insert,smolvla,suboptimal,430,21.5,3,0.1395,0.835
738,tool_insert,smolvla,failure,623,31.1,8,0.2568,0.745
739,tool_insert,smolvla,failure,625,31.2,8,0.256,0.741
740,tool_insert,smolvla,failure,624,31.2,8,0.2564,0.617
741,tool_insert,smolvla,failure,624,31.2,4,0.1282,0.843
742,tool_insert,smolvla,suboptimal,276,13.8,3,0.2174,0.797
743,tool_insert,smolvla,failure,633,31.6,8,0.2528,0.75
744,tool_insert,smolvla,failure,648,32.4,7,0.216,0.798
745,tool_insert,smolvla,failure,639,31.9,7,0.2191,0.715
746,tool_insert,smolvla,failure,619,30.9,5,0.1616,0.803
747,tool_insert,smolvla,failure,646,32.3,13,0.4025,0.457
748,tool_insert,smolvla,failure,640,32.0,5,0.1562,0.814
749,tool_insert,smolvla,failure,634,31.7,9,0.2839,0.812
750,tool_insert,smolvla,failure,645,32.2,9,0.2791,0.687
751,tool_insert,smolvla,failure,633,31.6,14,0.4423,0.499
752,tool_insert,smolvla,failure,568,28.4,4,0.1408,0.741
753,tool_insert,smolvla,failure,615,30.8,7,0.2276,0.793
754,tool_insert,smolvla,failure,653,32.6,8,0.245,0.712
755,tool_insert,smolvla,failure,678,33.9,4,0.118,0.844
756,tool_insert,smolvla,failure,643,32.1,8,0.2488,0.722
757,tool_insert,smolvla,failure,435,21.8,5,0.2299,0.775
758,tool_insert,smolvla,failure,625,31.2,7,0.224,0.728
759,tool_insert,smolvla,failure,630,31.5,6,0.1905,0.76
760,tool_insert,molmoact2,failure,429,21.4,4,0.1865,0.221
761,tool_insert,molmoact2,failure,432,21.6,4,0.1852,0.648
762,tool_insert,molmoact2,failure,443,22.1,4,0.1806,0.296
763,tool_insert,molmoact2,failure,492,24.6,2,0.0813,0.384
764,tool_insert,molmoact2,failure,485,24.2,4,0.1649,0.619
765,tool_insert,molmoact2,failure,524,26.2,10,0.3817,0.374
766,tool_insert,molmoact2,failure,526,26.3,6,0.2281,0.38
767,tool_insert,molmoact2,failure,481,24.1,3,0.1247,0.888
768,tool_insert,molmoact2,failure,502,25.1,5,0.1992,0.404
769,tool_insert,molmoact2,failure,456,22.8,4,0.1754,0.601
770,tool_insert,molmoact2,failure,468,23.4,4,0.1709,0.387
771,tool_insert,molmoact2,failure,478,23.9,8,0.3347,0.626
772,tool_insert,molmoact2,failure,464,23.2,4,0.1724,0.718
773,tool_insert,molmoact2,failure,495,24.8,6,0.2424,0.521
774,tool_insert,molmoact2,successful,329,16.4,3,0.1824,0.702
775,tool_insert,molmoact2,failure,441,22.1,4,0.1814,0.576
776,tool_insert,molmoact2,failure,345,17.2,2,0.1159,0.919
777,tool_insert,molmoact2,failure,448,22.4,8,0.3571,0.576
778,tool_insert,molmoact2,successful,324,16.2,3,0.1852,0.806
779,tool_insert,molmoact2,successful,324,16.2,3,0.1852,0.821
780,tool_insert,molmoact2,failure,485,24.2,7,0.2887,0.581
781,tool_insert,molmoact2,failure,442,22.1,7,0.3167,0.64
782,tool_insert,molmoact2,failure,463,23.1,6,0.2592,0.7
783,tool_insert,molmoact2,failure,182,9.1,2,0.2198,0.83
784,tool_insert,molmoact2,successful,351,17.6,4,0.2279,0.689
785,tool_insert,molmoact2,failure,457,22.9,8,0.3501,0.665
786,tool_insert,molmoact2,suboptimal,473,23.6,3,0.1268,0.863
787,tool_insert,molmoact2,failure,473,23.6,4,0.1691,0.82
788,tool_insert,molmoact2,suboptimal,310,15.5,3,0.1935,0.826
789,tool_insert,molmoact2,failure,485,24.2,3,0.1237,0.847
790,tool_insert,molmoact2,failure,582,29.1,2,0.0687,0.557
791,tool_insert,molmoact2,failure,602,30.1,3,0.0997,0.875
792,tool_insert,molmoact2,failure,587,29.4,3,0.1022,0.678
793,tool_insert,molmoact2,failure,604,30.2,4,0.1325,0.523
794,tool_insert,molmoact2,failure,608,30.4,3,0.0987,0.785
795,tool_insert,molmoact2,failure,574,28.7,3,0.1045,0.338
796,tool_insert,molmoact2,failure,590,29.5,5,0.1695,0.824
797,tool_insert,molmoact2,failure,178,8.9,3,0.3371,0.792
798,tool_insert,molmoact2,failure,600,30.0,6,0.2,0.482
799,tool_insert,molmoact2,failure,598,29.9,2,0.0669,0.938
800,tool_insert,molmoact2,failure,674,33.7,5,0.1484,0.276
801,tool_insert,molmoact2,failure,673,33.6,4,0.1189,0.634
802,tool_insert,molmoact2,failure,647,32.4,5,0.1546,0.807
803,tool_insert,molmoact2,failure,635,31.8,2,0.063,0.104
804,tool_insert,molmoact2,failure,538,26.9,4,0.1487,0.888
805,tool_insert,molmoact2,failure,526,26.3,4,0.1521,0.681
806,tool_insert,molmoact2,failure,541,27.1,4,0.1479,0.811
807,tool_insert,molmoact2,failure,528,26.4,2,0.0758,0.93
808,tool_insert,molmoact2,failure,543,27.1,12,0.442,0.346
809,tool_insert,molmoact2,failure,546,27.3,2,0.0733,0.94
810,tool_insert,molmoact2,failure,486,24.3,4,0.1646,0.774
811,tool_insert,molmoact2,failure,577,28.9,4,0.1386,0.886
812,tool_insert,molmoact2,failure,579,28.9,4,0.1382,0.794
813,tool_insert,molmoact2,failure,573,28.6,5,0.1745,0.843
814,tool_insert,molmoact2,suboptimal,579,28.9,3,0.1036,0.883
815,tool_insert,molmoact2,failure,571,28.6,8,0.2802,0.469
816,tool_insert,molmoact2,successful,335,16.8,3,0.1791,0.842
817,tool_insert,molmoact2,failure,525,26.2,3,0.1143,0.811
818,tool_insert,molmoact2,failure,181,9.1,2,0.221,0.89
819,tool_insert,molmoact2,suboptimal,544,27.2,4,0.1471,0.89
820,tool_insert,grootn1.7,successful,354,17.7,4,0.226,0.794
821,tool_insert,grootn1.7,failure,351,17.6,4,0.2279,0.758
822,tool_insert,grootn1.7,failure,352,17.6,2,0.1136,0.923
823,tool_insert,grootn1.7,failure,345,17.2,2,0.1159,0.904
824,tool_insert,grootn1.7,successful,340,17.0,3,0.1765,0.776
825,tool_insert,grootn1.7,failure,352,17.6,6,0.3409,0.767
826,tool_insert,grootn1.7,failure,353,17.6,3,0.17,0.875
827,tool_insert,grootn1.7,suboptimal,352,17.6,5,0.2841,0.759
828,tool_insert,grootn1.7,successful,347,17.4,3,0.1729,0.761
829,tool_insert,grootn1.7,suboptimal,296,14.8,3,0.2027,0.703
830,tool_insert,grootn1.7,successful,330,16.5,3,0.1818,0.788
831,tool_insert,grootn1.7,failure,322,16.1,5,0.3106,0.63
832,tool_insert,grootn1.7,suboptimal,316,15.8,4,0.2532,0.525
833,tool_insert,grootn1.7,failure,352,17.6,6,0.3409,0.693
834,tool_insert,grootn1.7,failure,353,17.6,7,0.3966,0.782
835,tool_insert,grootn1.7,failure,347,17.4,7,0.4035,0.622
836,tool_insert,grootn1.7,failure,354,17.7,6,0.339,0.768
837,tool_insert,grootn1.7,failure,361,18.1,2,0.1108,0.928
838,tool_insert,grootn1.7,failure,352,17.6,3,0.1705,0.696
839,tool_insert,grootn1.7,failure,327,16.4,5,0.3058,0.569
840,tool_insert,grootn1.7,suboptimal,336,16.8,3,0.1786,0.699
841,tool_insert,grootn1.7,suboptimal,316,15.8,4,0.2532,0.636
842,tool_insert,grootn1.7,failure,347,17.4,4,0.2305,0.21
843,tool_insert,grootn1.7,suboptimal,344,17.2,3,0.1744,0.808
844,tool_insert,grootn1.7,suboptimal,354,17.7,2,0.113,0.384
845,tool_insert,grootn1.7,suboptimal,359,17.9,5,0.2786,0.791
846,tool_insert,grootn1.7,suboptimal,357,17.9,3,0.1681,0.815
847,tool_insert,grootn1.7,suboptimal,346,17.3,3,0.1734,0.815
848,tool_insert,grootn1.7,successful,319,15.9,3,0.1881,0.699
849,tool_insert,grootn1.7,failure,347,17.4,3,0.1729,0.695
850,tool_insert,pi0,failure,476,23.8,4,0.1681,0.805
851,tool_insert,pi0,failure,654,32.7,2,0.0612,0.945
852,tool_insert,pi0,successful,260,13.0,3,0.2308,0.827
853,tool_insert,pi0,successful,300,15.0,3,0.2,0.84
854,tool_insert,pi0,successful,324,16.2,3,0.1852,0.821
855,tool_insert,pi0,failure,660,33.0,7,0.2121,0.573
856,tool_insert,pi0,failure,572,28.6,8,0.2797,0.659
857,tool_insert,pi0,suboptimal,562,28.1,3,0.1068,0.865
858,tool_insert,pi0,failure,657,32.9,4,0.1218,0.892
859,tool_insert,pi0,successful,365,18.2,3,0.1644,0.866
860,tool_insert,pi0,failure,649,32.5,6,0.1849,0.781
861,tool_insert,pi0,suboptimal,663,33.1,3,0.0905,0.938
862,tool_insert,pi0,failure,351,17.6,3,0.1709,0.863
863,tool_insert,pi0,successful,330,16.5,4,0.2424,0.785
864,tool_insert,pi0,failure,288,14.4,3,0.2083,0.882
865,tool_insert,pi0,failure,634,31.7,9,0.2839,0.576
866,tool_insert,pi0,suboptimal,604,30.2,8,0.2649,0.755
867,tool_insert,pi0,successful,338,16.9,3,0.1775,0.769
868,tool_insert,pi0,failure,610,30.5,6,0.1967,0.761
869,tool_insert,pi0,suboptimal,360,18.0,3,0.1667,0.794
870,tool_insert,pi0,failure,635,31.8,2,0.063,0.939
871,tool_insert,pi0,successful,331,16.6,3,0.1813,0.81
872,tool_insert,pi0,successful,296,14.8,3,0.2027,0.767
873,tool_insert,pi0,failure,644,32.2,7,0.2174,0.776
874,tool_insert,pi0,failure,644,32.2,4,0.1242,0.845
875,tool_insert,pi0,successful,368,18.4,3,0.163,0.427
876,tool_insert,pi0,successful,350,17.5,3,0.1714,0.809
877,tool_insert,pi0,successful,332,16.6,3,0.1807,0.738
878,tool_insert,pi0,failure,575,28.8,5,0.1739,0.774
879,tool_insert,pi0,successful,650,32.5,6,0.1846,0.855
880,tool_insert,pi0.5,successful,303,15.2,3,0.198,0.769
881,tool_insert,pi0.5,suboptimal,276,13.8,3,0.2174,0.746
882,tool_insert,pi0.5,failure,642,32.1,3,0.0935,0.885
883,tool_insert,pi0.5,successful,316,15.8,3,0.1899,0.816
884,tool_insert,pi0.5,suboptimal,661,33.0,6,0.1815,0.799
885,tool_insert,pi0.5,successful,310,15.5,4,0.2581,0.784
886,tool_insert,pi0.5,failure,634,31.7,5,0.1577,0.819
887,tool_insert,pi0.5,successful,300,15.0,4,0.2667,0.807
888,tool_insert,pi0.5,successful,333,16.6,3,0.1802,0.817
889,tool_insert,pi0.5,failure,653,32.6,8,0.245,0.749
890,tool_insert,pi0.5,successful,318,15.9,3,0.1887,0.799
891,tool_insert,pi0.5,successful,350,17.5,5,0.2857,0.823
892,tool_insert,pi0.5,successful,416,20.8,3,0.1442,0.812
893,tool_insert,pi0.5,successful,350,17.5,3,0.1714,0.803
894,tool_insert,pi0.5,failure,236,11.8,2,0.1695,0.869
895,tool_insert,pi0.5,successful,304,15.2,3,0.1974,0.816
896,tool_insert,pi0.5,suboptimal,644,32.2,3,0.0932,0.916
897,tool_insert,pi0.5,failure,642,32.1,4,0.1246,0.84
898,tool_insert,pi0.5,failure,553,27.6,6,0.217,0.727
899,tool_insert,pi0.5,successful,280,14.0,3,0.2143,0.764
900,tool_insert,pi0.5,failure,647,32.4,4,0.1236,0.898
901,tool_insert,pi0.5,failure,651,32.5,3,0.0922,0.922
902,tool_insert,pi0.5,successful,296,14.8,3,0.2027,0.828
903,tool_insert,pi0.5,successful,358,17.9,3,0.1676,0.813
904,tool_insert,pi0.5,failure,660,33.0,2,0.0606,0.971
905,tool_insert,pi0.5,successful,300,15.0,4,0.2667,0.757
906,tool_insert,pi0.5,failure,218,10.9,3,0.2752,0.725
907,tool_insert,pi0.5,failure,667,33.4,3,0.09,0.894
908,tool_insert,pi0.5,successful,280,14.0,3,0.2143,0.818
909,tool_insert,pi0.5,successful,240,12.0,3,0.25,0.792
910,tool_insert,teleoperated,successful,608,30.4,3,0.0987,0.344
911,tool_insert,teleoperated,successful,464,23.2,3,0.1293,0.455
912,tool_insert,teleoperated,successful,643,32.1,4,0.1244,0.467
913,tool_insert,teleoperated,successful,394,19.7,3,0.1523,0.893
914,tool_insert,teleoperated,successful,404,20.2,4,0.198,0.817
915,tool_insert,teleoperated,successful,648,32.4,4,0.1235,0.715
916,tool_insert,teleoperated,successful,423,21.1,3,0.1418,0.868
917,tool_insert,teleoperated,successful,384,19.2,3,0.1562,0.721
918,tool_insert,teleoperated,successful,512,25.6,4,0.1562,0.83
919,tool_insert,teleoperated,successful,419,20.9,3,0.1432,0.797
920,tool_insert,teleoperated,successful,505,25.2,3,0.1188,0.84
921,tool_insert,teleoperated,successful,492,24.6,4,0.1626,0.841
922,tool_insert,teleoperated,successful,463,23.1,3,0.1296,0.706
923,tool_insert,teleoperated,successful,428,21.4,3,0.1402,0.699
924,tool_insert,teleoperated,successful,414,20.7,4,0.1932,0.758
925,tool_insert,teleoperated,successful,387,19.4,3,0.155,0.835
926,tool_insert,teleoperated,successful,507,25.4,3,0.1183,0.771
927,tool_insert,teleoperated,successful,382,19.1,4,0.2094,0.772
928,tool_insert,teleoperated,successful,366,18.3,3,0.1639,0.798
929,tool_insert,teleoperated,successful,309,15.4,3,0.1942,0.712
930,tool_insert,teleoperated,successful,352,17.6,3,0.1705,0.651
931,tool_insert,teleoperated,successful,436,21.8,4,0.1835,0.86
932,tool_insert,teleoperated,successful,417,20.9,4,0.1918,0.813
933,tool_insert,teleoperated,successful,660,33.0,3,0.0909,0.858
934,tool_insert,teleoperated,successful,629,31.4,5,0.159,0.87
935,tool_insert,teleoperated,successful,422,21.1,3,0.1422,0.81
936,tool_insert,teleoperated,successful,359,17.9,4,0.2228,0.772
937,tool_insert,teleoperated,successful,438,21.9,3,0.137,0.824
938,tool_insert,teleoperated,successful,309,15.4,1,0.0647,1.0
939,tool_insert,teleoperated,successful,633,31.6,6,0.1896,0.741
940,tool_insert,teleoperated,successful,690,34.5,6,0.1739,0.786
941,tool_insert,teleoperated,successful,327,16.4,4,0.2446,0.78
942,tool_insert,teleoperated,successful,291,14.6,3,0.2062,0.739
943,tool_insert,teleoperated,successful,340,17.0,3,0.1765,0.812
944,tool_insert,teleoperated,successful,336,16.8,3,0.1786,0.884
945,tool_insert,teleoperated,successful,271,13.6,3,0.2214,0.804
946,tool_insert,teleoperated,successful,350,17.5,2,0.1143,0.9
947,tool_insert,teleoperated,successful,309,15.4,3,0.1942,0.806
948,tool_insert,teleoperated,successful,309,15.4,3,0.1942,0.841
949,tool_insert,teleoperated,successful,285,14.2,3,0.2105,0.761
950,tool_insert,teleoperated,successful,282,14.1,3,0.2128,0.826
951,tool_insert,teleoperated,successful,382,19.1,3,0.1571,0.851
952,tool_insert,teleoperated,successful,278,13.9,3,0.2158,0.77
953,tool_insert,teleoperated,successful,323,16.1,3,0.1858,0.839
954,tool_insert,teleoperated,successful,364,18.2,3,0.1648,0.753
955,tool_insert,teleoperated,successful,377,18.9,3,0.1592,0.806
956,tool_insert,teleoperated,successful,329,16.4,3,0.1824,0.842
957,tool_insert,teleoperated,successful,338,16.9,3,0.1775,0.793
958,tool_insert,teleoperated,successful,478,23.9,3,0.1255,0.845
959,tool_insert,teleoperated,successful,340,17.0,3,0.1765,0.85
960,tool_removal,diffusion,failure,359,17.9,5,0.2786,0.49
961,tool_removal,diffusion,failure,654,32.7,10,0.3058,0.528
962,tool_removal,diffusion,failure,640,32.0,10,0.3125,0.628
963,tool_removal,diffusion,successful,340,17.0,5,0.2941,0.635
964,tool_removal,diffusion,successful,484,24.2,7,0.2893,0.64
965,tool_removal,diffusion,successful,380,19.0,6,0.3158,0.642
966,tool_removal,diffusion,successful,460,23.0,7,0.3043,0.65
967,tool_removal,diffusion,failure,664,33.2,13,0.3916,0.599
968,tool_removal,diffusion,successful,480,24.0,7,0.2917,0.665
969,tool_removal,diffusion,failure,662,33.1,10,0.3021,0.594
970,tool_removal,diffusion,successful,404,20.2,6,0.297,0.775
971,tool_removal,diffusion,failure,635,31.8,9,0.2835,0.682
972,tool_removal,diffusion,successful,440,22.0,7,0.3182,0.632
973,tool_removal,diffusion,successful,389,19.4,6,0.3085,0.763
974,tool_removal,diffusion,successful,629,31.4,9,0.2862,0.653
975,tool_removal,diffusion,failure,628,31.4,9,0.2866,0.634
976,tool_removal,diffusion,failure,657,32.9,11,0.3349,0.511
977,tool_removal,diffusion,successful,480,24.0,7,0.2917,0.708
978,tool_removal,diffusion,failure,668,33.4,11,0.3293,0.521
979,tool_removal,diffusion,successful,257,12.8,3,0.2335,0.763
980,tool_removal,diffusion,successful,296,14.8,4,0.2703,0.75
981,tool_removal,diffusion,successful,200,10.0,3,0.3,0.78
982,tool_removal,diffusion,failure,642,32.1,9,0.2804,0.629
983,tool_removal,diffusion,successful,332,16.6,5,0.3012,0.696
984,tool_removal,diffusion,successful,225,11.2,3,0.2667,0.791
985,tool_removal,diffusion,successful,243,12.2,4,0.3292,0.733
986,tool_removal,diffusion,successful,300,15.0,5,0.3333,0.707
987,tool_removal,diffusion,successful,360,18.0,5,0.2778,0.736
988,tool_removal,diffusion,successful,385,19.2,6,0.3117,0.795
989,tool_removal,diffusion,failure,637,31.9,8,0.2512,0.645
990,tool_removal,act,failure,647,32.4,18,0.5564,0.434
991,tool_removal,act,failure,531,26.6,12,0.452,0.32
992,tool_removal,act,failure,500,25.0,12,0.48,0.386
993,tool_removal,act,failure,505,25.2,11,0.4356,0.436
994,tool_removal,act,failure,289,14.4,6,0.4152,0.581
995,tool_removal,act,failure,512,25.6,12,0.4688,0.512
996,tool_removal,act,failure,679,34.0,10,0.2946,0.638
997,tool_removal,act,successful,359,17.9,5,0.2786,0.747
998,tool_removal,act,failure,665,33.2,13,0.391,0.621
999,tool_removal,act,failure,682,34.1,13,0.3812,0.493
1000,tool_removal,act,failure,667,33.4,15,0.4498,0.508
1001,tool_removal,act,failure,665,33.2,16,0.4812,0.457
1002,tool_removal,act,failure,673,33.6,17,0.5052,0.452
1003,tool_removal,act,failure,660,33.0,17,0.5152,0.494
1004,tool_removal,act,failure,669,33.5,14,0.4185,0.607
1005,tool_removal,act,failure,670,33.5,18,0.5373,0.487
1006,tool_removal,act,failure,659,33.0,15,0.4552,0.467
1007,tool_removal,act,successful,200,10.0,3,0.3,0.785
1008,tool_removal,act,successful,240,12.0,4,0.3333,0.742
1009,tool_removal,act,successful,340,17.0,4,0.2353,0.841
1010,tool_removal,act,failure,697,34.9,17,0.4878,0.436
1011,tool_removal,act,successful,282,14.1,5,0.3546,0.794
1012,tool_removal,act,failure,681,34.0,13,0.3818,0.391
1013,tool_removal,act,failure,659,33.0,12,0.3642,0.693
1014,tool_removal,act,successful,290,14.5,4,0.2759,0.714
1015,tool_removal,act,failure,681,34.0,12,0.3524,0.426
1016,tool_removal,act,failure,662,33.1,13,0.3927,0.367
1017,tool_removal,act,successful,310,15.5,5,0.3226,0.816
1018,tool_removal,act,successful,540,27.0,8,0.2963,0.746
1019,tool_removal,act,failure,668,33.4,10,0.2994,0.35
1020,tool_removal,smolvla,failure,735,36.8,8,0.2177,0.698
1021,tool_removal,smolvla,successful,216,10.8,3,0.2778,0.801
1022,tool_removal,smolvla,failure,702,35.1,10,0.2849,0.695
1023,tool_removal,smolvla,failure,693,34.6,10,0.2886,0.638
1024,tool_removal,smolvla,failure,726,36.3,14,0.3857,0.562
1025,tool_removal,smolvla,failure,723,36.1,11,0.3043,0.61
1026,tool_removal,smolvla,failure,714,35.7,12,0.3361,0.606
1027,tool_removal,smolvla,failure,737,36.9,15,0.4071,0.62
1028,tool_removal,smolvla,failure,728,36.4,10,0.2747,0.628
1029,tool_removal,smolvla,failure,725,36.2,12,0.331,0.6
1030,tool_removal,smolvla,failure,719,36.0,12,0.3338,0.633
1031,tool_removal,smolvla,failure,723,36.1,12,0.332,0.578
1032,tool_removal,smolvla,failure,735,36.8,14,0.381,0.615
1033,tool_removal,smolvla,failure,716,35.8,14,0.3911,0.589
1034,tool_removal,smolvla,failure,739,37.0,15,0.406,0.575
1035,tool_removal,smolvla,suboptimal,725,36.2,12,0.331,0.606
1036,tool_removal,smolvla,failure,702,35.1,10,0.2849,0.645
1037,tool_removal,smolvla,failure,708,35.4,10,0.2825,0.644
1038,tool_removal,smolvla,failure,647,32.4,9,0.2782,0.689
1039,tool_removal,smolvla,failure,729,36.5,11,0.3018,0.687
1040,tool_removal,smolvla,failure,743,37.1,14,0.3769,0.629
1041,tool_removal,smolvla,failure,748,37.4,13,0.3476,0.634
1042,tool_removal,smolvla,failure,733,36.6,12,0.3274,0.64
1043,tool_removal,smolvla,failure,764,38.2,14,0.3665,0.613
1044,tool_removal,smolvla,failure,761,38.0,11,0.2891,0.635
1045,tool_removal,smolvla,failure,747,37.4,12,0.3213,0.613
1046,tool_removal,smolvla,failure,714,35.7,10,0.2801,0.66
1047,tool_removal,smolvla,failure,733,36.6,11,0.3001,0.614
1048,tool_removal,smolvla,failure,750,37.5,13,0.3467,0.613
1049,tool_removal,smolvla,failure,737,36.9,13,0.3528,0.594
1050,tool_removal,molmoact2,failure,497,24.9,12,0.4829,0.408
1051,tool_removal,molmoact2,successful,400,20.0,5,0.25,0.492
1052,tool_removal,molmoact2,failure,538,26.9,9,0.3346,0.506
1053,tool_removal,molmoact2,failure,514,25.7,7,0.2724,0.502
1054,tool_removal,molmoact2,failure,523,26.1,7,0.2677,0.509
1055,tool_removal,molmoact2,successful,356,17.8,5,0.2809,0.497
1056,tool_removal,molmoact2,failure,532,26.6,13,0.4887,0.609
1057,tool_removal,molmoact2,failure,527,26.4,10,0.3795,0.546
1058,tool_removal,molmoact2,failure,547,27.4,11,0.4022,0.627
1059,tool_removal,molmoact2,successful,510,25.5,8,0.3137,0.616
1060,tool_removal,molmoact2,suboptimal,500,25.0,5,0.2,0.752
1061,tool_removal,molmoact2,failure,543,27.1,9,0.3315,0.486
1062,tool_removal,molmoact2,successful,250,12.5,3,0.24,0.788
1063,tool_removal,molmoact2,failure,518,25.9,13,0.5019,0.508
1064,tool_removal,molmoact2,failure,510,25.5,9,0.3529,0.616
1065,tool_removal,molmoact2,failure,519,25.9,10,0.3854,0.487
1066,tool_removal,molmoact2,successful,260,13.0,3,0.2308,0.808
1067,tool_removal,molmoact2,failure,520,26.0,5,0.1923,0.677
1068,tool_removal,molmoact2,suboptimal,511,25.6,9,0.3523,0.509
1069,tool_removal,molmoact2,failure,598,29.9,11,0.3679,0.6
1070,tool_removal,molmoact2,failure,538,26.9,8,0.2974,0.623
1071,tool_removal,molmoact2,failure,530,26.5,7,0.2642,0.455
1072,tool_removal,molmoact2,failure,544,27.2,10,0.3676,0.347
1073,tool_removal,molmoact2,failure,520,26.0,7,0.2692,0.467
1074,tool_removal,molmoact2,failure,535,26.8,13,0.486,0.406
1075,tool_removal,molmoact2,suboptimal,320,16.0,3,0.1875,0.847
1076,tool_removal,molmoact2,successful,250,12.5,4,0.32,0.804
1077,tool_removal,molmoact2,failure,515,25.8,11,0.4272,0.614
1078,tool_removal,molmoact2,failure,521,26.1,13,0.499,0.543
1079,tool_removal,molmoact2,failure,536,26.8,12,0.4478,0.369
1080,tool_removal,molmoact2,failure,551,27.6,17,0.6171,0.445
1081,tool_removal,molmoact2,failure,582,29.1,16,0.5498,0.356
1082,tool_removal,molmoact2,failure,580,29.0,16,0.5517,0.334
1083,tool_removal,molmoact2,failure,590,29.5,18,0.6102,0.473
1084,tool_removal,molmoact2,failure,562,28.1,13,0.4626,0.413
1085,tool_removal,molmoact2,failure,604,30.2,11,0.3642,0.548
1086,tool_removal,molmoact2,failure,581,29.1,17,0.5852,0.546
1087,tool_removal,molmoact2,failure,596,29.8,17,0.5705,0.327
1088,tool_removal,molmoact2,failure,574,28.7,13,0.453,0.556
1089,tool_removal,molmoact2,failure,544,27.2,16,0.5882,0.533
1090,tool_removal,molmoact2,failure,587,29.4,14,0.477,0.559
1091,tool_removal,molmoact2,failure,593,29.6,17,0.5734,0.327
1092,tool_removal,molmoact2,failure,581,29.1,17,0.5852,0.435
1093,tool_removal,molmoact2,failure,600,30.0,17,0.5667,0.348
1094,tool_removal,molmoact2,failure,571,28.6,17,0.5954,0.412
1095,tool_removal,molmoact2,failure,569,28.4,15,0.5272,0.569
1096,tool_removal,molmoact2,failure,586,29.3,9,0.3072,0.466
1097,tool_removal,molmoact2,failure,572,28.6,10,0.3497,0.512
1098,tool_removal,molmoact2,failure,575,28.8,13,0.4522,0.579
1099,tool_removal,molmoact2,failure,572,28.6,11,0.3846,0.495
1100,tool_removal,molmoact2,failure,571,28.6,9,0.3152,0.399
1101,tool_removal,molmoact2,failure,585,29.2,13,0.4444,0.491
1102,tool_removal,molmoact2,failure,566,28.3,12,0.424,0.29
1103,tool_removal,molmoact2,failure,574,28.7,13,0.453,0.538
1104,tool_removal,molmoact2,failure,550,27.5,12,0.4364,0.438
1105,tool_removal,molmoact2,failure,550,27.5,13,0.4727,0.42
1106,tool_removal,molmoact2,failure,551,27.6,11,0.3993,0.497
1107,tool_removal,molmoact2,failure,565,28.2,17,0.6018,0.508
1108,tool_removal,molmoact2,failure,523,26.1,10,0.3824,0.489
1109,tool_removal,molmoact2,failure,631,31.6,18,0.5705,0.39
1110,tool_removal,grootn1.7,failure,350,17.5,4,0.2286,0.709
1111,tool_removal,grootn1.7,successful,296,14.8,3,0.2027,0.774
1112,tool_removal,grootn1.7,successful,361,18.1,5,0.277,0.684
1113,tool_removal,grootn1.7,failure,356,17.8,6,0.3371,0.584
1114,tool_removal,grootn1.7,successful,260,13.0,4,0.3077,0.758
1115,tool_removal,grootn1.7,failure,344,17.2,3,0.1744,0.294
1116,tool_removal,grootn1.7,failure,353,17.6,5,0.2833,0.448
1117,tool_removal,grootn1.7,successful,353,17.6,8,0.4533,0.657
1118,tool_removal,grootn1.7,failure,353,17.6,2,0.1133,0.201
1119,tool_removal,grootn1.7,failure,361,18.1,6,0.3324,0.679
1120,tool_removal,grootn1.7,successful,230,11.5,3,0.2609,0.835
1121,tool_removal,grootn1.7,failure,349,17.4,5,0.2865,0.65
1122,tool_removal,grootn1.7,failure,342,17.1,4,0.2339,0.675
1123,tool_removal,grootn1.7,failure,353,17.6,6,0.3399,0.683
1124,tool_removal,grootn1.7,failure,350,17.5,10,0.5714,0.511
1125,tool_removal,grootn1.7,failure,351,17.6,4,0.2279,0.47
1126,tool_removal,grootn1.7,successful,310,15.5,4,0.2581,0.752
1127,tool_removal,grootn1.7,successful,280,14.0,4,0.2857,0.611
1128,tool_removal,grootn1.7,failure,362,18.1,5,0.2762,0.489
1129,tool_removal,grootn1.7,failure,354,17.7,6,0.339,0.48
1130,tool_removal,grootn1.7,suboptimal,357,17.9,6,0.3361,0.627
1131,tool_removal,grootn1.7,failure,353,17.6,5,0.2833,0.609
1132,tool_removal,grootn1.7,successful,316,15.8,4,0.2532,0.671
1133,tool_removal,grootn1.7,failure,345,17.2,6,0.3478,0.658
1134,tool_removal,grootn1.7,failure,347,17.4,6,0.3458,0.602
1135,tool_removal,grootn1.7,failure,351,17.6,5,0.2849,0.499
1136,tool_removal,grootn1.7,failure,337,16.9,7,0.4154,0.659
1137,tool_removal,grootn1.7,failure,358,17.9,6,0.3352,0.645
1138,tool_removal,grootn1.7,successful,260,13.0,3,0.2308,0.735
1139,tool_removal,grootn1.7,suboptimal,361,18.1,4,0.2216,0.474
1140,tool_removal,pi0,failure,664,33.2,13,0.3916,0.383
1141,tool_removal,pi0,successful,243,12.2,3,0.2469,0.79
1142,tool_removal,pi0,suboptimal,648,32.4,12,0.3704,0.465
1143,tool_removal,pi0,failure,621,31.1,10,0.3221,0.401
1144,tool_removal,pi0,failure,644,32.2,12,0.3727,0.427
1145,tool_removal,pi0,successful,210,10.5,3,0.2857,0.819
1146,tool_removal,pi0,failure,660,33.0,11,0.3333,0.347
1147,tool_removal,pi0,failure,643,32.1,13,0.4044,0.381
1148,tool_removal,pi0,failure,651,32.5,12,0.3687,0.404
1149,tool_removal,pi0,failure,648,32.4,13,0.4012,0.423
1150,tool_removal,pi0,failure,629,31.4,11,0.3498,0.3
1151,tool_removal,pi0,failure,629,31.4,9,0.2862,0.537
1152,tool_removal,pi0,failure,653,32.6,12,0.3675,0.363
1153,tool_removal,pi0,failure,635,31.8,12,0.378,0.461
1154,tool_removal,pi0,failure,644,32.2,12,0.3727,0.416
1155,tool_removal,pi0,failure,659,33.0,9,0.2731,0.513
1156,tool_removal,pi0,failure,649,32.5,12,0.3698,0.458
1157,tool_removal,pi0,failure,667,33.4,10,0.2999,0.615
1158,tool_removal,pi0,failure,665,33.2,10,0.3008,0.435
1159,tool_removal,pi0,failure,654,32.7,12,0.367,0.509
1160,tool_removal,pi0,failure,559,27.9,9,0.322,0.619
1161,tool_removal,pi0,failure,649,32.5,12,0.3698,0.471
1162,tool_removal,pi0,failure,641,32.0,11,0.3432,0.598
1163,tool_removal,pi0,successful,234,11.7,3,0.2564,0.808
1164,tool_removal,pi0,failure,643,32.1,11,0.3421,0.381
1165,tool_removal,pi0,failure,641,32.0,12,0.3744,0.321
1166,tool_removal,pi0,failure,653,32.6,14,0.4288,0.492
1167,tool_removal,pi0,failure,666,33.3,12,0.3604,0.488
1168,tool_removal,pi0,failure,607,30.4,11,0.3624,0.425
1169,tool_removal,pi0,failure,660,33.0,12,0.3636,0.361
1170,tool_removal,pi0.5,failure,640,32.0,11,0.3438,0.58
1171,tool_removal,pi0.5,successful,628,31.4,8,0.2548,0.742
1172,tool_removal,pi0.5,failure,646,32.3,12,0.3715,0.554
1173,tool_removal,pi0.5,failure,645,32.2,10,0.3101,0.597
1174,tool_removal,pi0.5,failure,637,31.9,14,0.4396,0.542
1175,tool_removal,pi0.5,successful,666,33.3,11,0.3303,0.638
1176,tool_removal,pi0.5,failure,666,33.3,12,0.3604,0.464
1177,tool_removal,pi0.5,failure,670,33.5,13,0.3881,0.342
1178,tool_removal,pi0.5,failure,651,32.5,10,0.3072,0.444
1179,tool_removal,pi0.5,failure,645,32.2,13,0.4031,0.474
1180,tool_removal,pi0.5,failure,641,32.0,12,0.3744,0.485
1181,tool_removal,pi0.5,failure,656,32.8,13,0.3963,0.506
1182,tool_removal,pi0.5,suboptimal,645,32.2,13,0.4031,0.541
1183,tool_removal,pi0.5,failure,662,33.1,11,0.3323,0.461
1184,tool_removal,pi0.5,successful,200,10.0,1,0.1,0.6
1185,tool_removal,pi0.5,failure,667,33.4,13,0.3898,0.496
1186,tool_removal,pi0.5,failure,654,32.7,10,0.3058,0.609
1187,tool_removal,pi0.5,failure,665,33.2,13,0.391,0.525
1188,tool_removal,pi0.5,failure,638,31.9,13,0.4075,0.616
1189,tool_removal,pi0.5,failure,656,32.8,12,0.3659,0.505
1190,tool_removal,pi0.5,failure,642,32.1,10,0.3115,0.609
1191,tool_removal,pi0.5,failure,660,33.0,12,0.3636,0.539
1192,tool_removal,pi0.5,successful,653,32.6,10,0.3063,0.649
1193,tool_removal,pi0.5,suboptimal,676,33.8,9,0.2663,0.599
1194,tool_removal,pi0.5,failure,661,33.0,14,0.4236,0.434
1195,tool_removal,pi0.5,failure,635,31.8,11,0.3465,0.565
1196,tool_removal,pi0.5,failure,626,31.3,11,0.3514,0.388
1197,tool_removal,pi0.5,failure,638,31.9,13,0.4075,0.522
1198,tool_removal,pi0.5,failure,662,33.1,12,0.3625,0.595
1199,tool_removal,pi0.5,failure,652,32.6,14,0.4294,0.532
1200,tool_removal,teleoperated,successful,389,19.4,5,0.2571,0.699
1201,tool_removal,teleoperated,successful,422,21.1,7,0.3318,0.659
1202,tool_removal,teleoperated,successful,714,35.7,9,0.2521,0.683
1203,tool_removal,teleoperated,successful,738,36.9,14,0.3794,0.608
1204,tool_removal,teleoperated,successful,739,37.0,11,0.2977,0.628
1205,tool_removal,teleoperated,successful,323,16.1,3,0.1858,0.83
1206,tool_removal,teleoperated,successful,309,15.4,5,0.3236,0.783
1207,tool_removal,teleoperated,successful,396,19.8,5,0.2525,0.636
1208,tool_removal,teleoperated,successful,272,13.6,3,0.2206,0.787
1209,tool_removal,teleoperated,successful,268,13.4,3,0.2239,0.81
1210,tool_removal,teleoperated,successful,435,21.8,6,0.2759,0.584
1211,tool_removal,teleoperated,successful,318,15.9,4,0.2516,0.805
1212,tool_removal,teleoperated,successful,485,24.2,7,0.2887,0.612
1213,tool_removal,teleoperated,successful,408,20.4,4,0.1961,0.578
1214,tool_removal,teleoperated,successful,279,13.9,3,0.2151,0.849
1215,tool_removal,teleoperated,successful,268,13.4,4,0.2985,0.765
1216,tool_removal,teleoperated,successful,386,19.3,6,0.3109,0.661
1217,tool_removal,teleoperated,successful,268,13.4,4,0.2985,0.716
1218,tool_removal,teleoperated,successful,474,23.7,8,0.3376,0.616
1219,tool_removal,teleoperated,successful,216,10.8,3,0.2778,0.773
1220,tool_removal,teleoperated,successful,220,11.0,4,0.3636,0.668
1221,tool_removal,teleoperated,successful,214,10.7,4,0.3738,0.752
1222,tool_removal,teleoperated,successful,232,11.6,4,0.3448,0.681
1223,tool_removal,teleoperated,successful,199,9.9,3,0.3015,0.724
1224,tool_removal,teleoperated,successful,203,10.2,3,0.2956,0.719
1225,tool_removal,teleoperated,successful,259,12.9,4,0.3089,0.741
1226,tool_removal,teleoperated,successful,669,33.5,10,0.299,0.575
1227,tool_removal,teleoperated,successful,241,12.1,2,0.166,0.871
1228,tool_removal,teleoperated,successful,238,11.9,3,0.2521,0.811
1229,tool_removal,teleoperated,successful,267,13.3,3,0.2247,0.843
1230,tool_removal,teleoperated,successful,237,11.8,3,0.2532,0.814
1231,tool_removal,teleoperated,successful,283,14.2,3,0.212,0.731
1232,tool_removal,teleoperated,successful,314,15.7,4,0.2548,0.732
1233,tool_removal,teleoperated,successful,471,23.6,6,0.2548,0.643
1234,tool_removal,teleoperated,successful,314,15.7,4,0.2548,0.602
1235,tool_removal,teleoperated,successful,194,9.7,2,0.2062,0.84
1236,tool_removal,teleoperated,successful,221,11.1,3,0.2715,0.796
1237,tool_removal,teleoperated,successful,192,9.6,2,0.2083,0.786
1238,tool_removal,teleoperated,successful,207,10.3,2,0.1932,0.865
1239,tool_removal,teleoperated,successful,228,11.4,3,0.2632,0.825
1240,tool_removal,teleoperated,successful,351,17.6,4,0.2279,0.755
1241,tool_removal,teleoperated,successful,226,11.3,2,0.177,0.863
1242,tool_removal,teleoperated,successful,300,15.0,4,0.2667,0.767
1243,tool_removal,teleoperated,successful,217,10.8,3,0.2765,0.829
1244,tool_removal,teleoperated,successful,230,11.5,4,0.3478,0.757
1245,tool_removal,teleoperated,successful,209,10.4,2,0.1914,0.842
1246,tool_removal,teleoperated,successful,198,9.9,3,0.303,0.843
1247,tool_removal,teleoperated,successful,206,10.3,2,0.1942,0.83
1248,tool_removal,teleoperated,successful,239,11.9,3,0.251,0.866
1249,tool_removal,teleoperated,successful,272,13.6,3,0.2206,0.842
1250,eye_drops_to_shelf,diffusion,failure,417,20.9,6,0.2878,0.693
1251,eye_drops_to_shelf,diffusion,failure,422,21.1,4,0.1896,0.879
1252,eye_drops_to_shelf,diffusion,successful,320,16.0,4,0.25,0.794
1253,eye_drops_to_shelf,diffusion,failure,430,21.5,5,0.2326,0.805
1254,eye_drops_to_shelf,diffusion,failure,353,17.6,6,0.3399,0.734
1255,eye_drops_to_shelf,diffusion,successful,321,16.1,4,0.2492,0.776
1256,eye_drops_to_shelf,diffusion,successful,297,14.8,4,0.2694,0.761
1257,eye_drops_to_shelf,diffusion,failure,408,20.4,5,0.2451,0.674
1258,eye_drops_to_shelf,diffusion,failure,427,21.4,5,0.2342,0.745
1259,eye_drops_to_shelf,diffusion,failure,427,21.4,5,0.2342,0.824
1260,eye_drops_to_shelf,diffusion,failure,417,20.9,6,0.2878,0.813
1261,eye_drops_to_shelf,diffusion,failure,416,20.8,5,0.2404,0.748
1262,eye_drops_to_shelf,diffusion,failure,417,20.9,5,0.2398,0.772
1263,eye_drops_to_shelf,diffusion,failure,401,20.1,6,0.2993,0.651
1264,eye_drops_to_shelf,diffusion,failure,354,17.7,5,0.2825,0.788
1265,eye_drops_to_shelf,diffusion,failure,417,20.9,4,0.1918,0.772
1266,eye_drops_to_shelf,diffusion,failure,408,20.4,5,0.2451,0.699
1267,eye_drops_to_shelf,diffusion,failure,425,21.2,5,0.2353,0.534
1268,eye_drops_to_shelf,diffusion,failure,417,20.9,7,0.3357,0.712
1269,eye_drops_to_shelf,diffusion,failure,419,20.9,4,0.1909,0.821
1270,eye_drops_to_shelf,diffusion,failure,418,20.9,5,0.2392,0.706
1271,eye_drops_to_shelf,diffusion,successful,321,16.1,4,0.2492,0.71
1272,eye_drops_to_shelf,diffusion,failure,421,21.1,5,0.2375,0.741
1273,eye_drops_to_shelf,diffusion,failure,417,20.9,5,0.2398,0.695
1274,eye_drops_to_shelf,diffusion,failure,420,21.0,4,0.1905,0.814
1275,eye_drops_to_shelf,diffusion,failure,434,21.7,5,0.2304,0.887
1276,eye_drops_to_shelf,diffusion,failure,417,20.9,6,0.2878,0.803
1277,eye_drops_to_shelf,diffusion,successful,282,14.1,4,0.2837,0.624
1278,eye_drops_to_shelf,diffusion,failure,417,20.9,5,0.2398,0.77
1279,eye_drops_to_shelf,diffusion,failure,421,21.1,3,0.1425,0.919
1280,eye_drops_to_shelf,act,failure,487,24.4,6,0.2464,0.945
1281,eye_drops_to_shelf,act,failure,492,24.6,8,0.3252,0.925
1282,eye_drops_to_shelf,act,failure,495,24.8,14,0.5657,0.588
1283,eye_drops_to_shelf,act,failure,492,24.6,8,0.3252,0.923
1284,eye_drops_to_shelf,act,failure,498,24.9,8,0.3213,0.906
1285,eye_drops_to_shelf,act,failure,494,24.7,9,0.3644,0.824
1286,eye_drops_to_shelf,act,failure,497,24.9,6,0.2414,0.954
1287,eye_drops_to_shelf,act,failure,498,24.9,6,0.241,0.966
1288,eye_drops_to_shelf,act,failure,487,24.4,4,0.1643,0.973
1289,eye_drops_to_shelf,act,failure,498,24.9,18,0.7229,0.369
1290,eye_drops_to_shelf,act,failure,407,20.4,7,0.344,0.735
1291,eye_drops_to_shelf,act,failure,498,24.9,6,0.241,0.944
1292,eye_drops_to_shelf,act,failure,492,24.6,13,0.5285,0.892
1293,eye_drops_to_shelf,act,failure,496,24.8,8,0.3226,0.877
1294,eye_drops_to_shelf,act,failure,493,24.6,5,0.2028,0.949
1295,eye_drops_to_shelf,act,failure,496,24.8,14,0.5645,0.405
1296,eye_drops_to_shelf,act,failure,336,16.8,4,0.2381,0.923
1297,eye_drops_to_shelf,act,failure,493,24.6,13,0.5274,0.803
1298,eye_drops_to_shelf,act,failure,361,18.1,5,0.277,0.939
1299,eye_drops_to_shelf,act,failure,392,19.6,5,0.2551,0.365
1300,eye_drops_to_shelf,act,failure,499,24.9,10,0.4008,0.826
1301,eye_drops_to_shelf,act,failure,450,22.5,6,0.2667,0.944
1302,eye_drops_to_shelf,act,failure,495,24.8,10,0.404,0.897
1303,eye_drops_to_shelf,act,failure,495,24.8,8,0.3232,0.842
1304,eye_drops_to_shelf,act,failure,496,24.8,16,0.6452,0.53
1305,eye_drops_to_shelf,act,failure,494,24.7,13,0.5263,0.826
1306,eye_drops_to_shelf,act,failure,494,24.7,7,0.2834,0.911
1307,eye_drops_to_shelf,act,failure,496,24.8,9,0.3629,0.905
1308,eye_drops_to_shelf,act,failure,496,24.8,9,0.3629,0.871
1309,eye_drops_to_shelf,act,failure,463,23.1,10,0.432,0.801
1310,eye_drops_to_shelf,act,failure,494,24.7,6,0.2429,0.955
1311,eye_drops_to_shelf,act,failure,491,24.6,7,0.2851,0.949
1312,eye_drops_to_shelf,act,failure,499,24.9,7,0.2806,0.946
1313,eye_drops_to_shelf,act,failure,490,24.5,4,0.1633,0.992
1314,eye_drops_to_shelf,act,failure,498,24.9,5,0.2008,0.966
1315,eye_drops_to_shelf,act,failure,497,24.9,7,0.2817,0.956
1316,eye_drops_to_shelf,act,failure,493,24.6,4,0.1623,0.939
1317,eye_drops_to_shelf,act,failure,494,24.7,8,0.3239,0.931
1318,eye_drops_to_shelf,act,failure,490,24.5,4,0.1633,0.99
1319,eye_drops_to_shelf,act,failure,493,24.6,9,0.3651,0.943
1320,eye_drops_to_shelf,act,failure,496,24.8,9,0.3629,0.948
1321,eye_drops_to_shelf,act,failure,495,24.8,1,0.0404,1.0
1322,eye_drops_to_shelf,act,failure,495,24.8,3,0.1212,0.982
1323,eye_drops_to_shelf,act,failure,498,24.9,3,0.1205,0.988
1324,eye_drops_to_shelf,act,failure,488,24.4,5,0.2049,0.973
1325,eye_drops_to_shelf,act,failure,493,24.6,8,0.3245,0.941
1326,eye_drops_to_shelf,act,failure,494,24.7,14,0.5668,0.881
1327,eye_drops_to_shelf,act,failure,499,24.9,2,0.0802,0.996
1328,eye_drops_to_shelf,act,failure,498,24.9,13,0.5221,0.729
1329,eye_drops_to_shelf,act,failure,487,24.4,12,0.4928,0.922
1330,eye_drops_to_shelf,act,failure,491,24.6,3,0.1222,0.976
1331,eye_drops_to_shelf,act,failure,492,24.6,3,0.122,0.994
1332,eye_drops_to_shelf,act,failure,493,24.6,11,0.4462,0.876
1333,eye_drops_to_shelf,act,failure,490,24.5,8,0.3265,0.884
1334,eye_drops_to_shelf,act,failure,422,21.1,2,0.0948,0.988
1335,eye_drops_to_shelf,act,failure,480,24.0,6,0.25,0.915
1336,eye_drops_to_shelf,act,failure,498,24.9,13,0.5221,0.793
1337,eye_drops_to_shelf,act,failure,490,24.5,7,0.2857,0.896
1338,eye_drops_to_shelf,act,failure,489,24.4,10,0.409,0.908
1339,eye_drops_to_shelf,act,failure,499,24.9,12,0.481,0.91
1340,eye_drops_to_shelf,smolvla,failure,474,23.7,9,0.3797,0.454
1341,eye_drops_to_shelf,smolvla,failure,483,24.1,9,0.3727,0.499
1342,eye_drops_to_shelf,smolvla,failure,479,23.9,8,0.334,0.432
1343,eye_drops_to_shelf,smolvla,failure,481,24.1,8,0.3326,0.462
1344,eye_drops_to_shelf,smolvla,failure,476,23.8,7,0.2941,0.447
1345,eye_drops_to_shelf,smolvla,failure,481,24.1,7,0.2911,0.582
1346,eye_drops_to_shelf,smolvla,successful,178,8.9,3,0.3371,0.669
1347,eye_drops_to_shelf,smolvla,failure,479,23.9,7,0.2923,0.501
1348,eye_drops_to_shelf,smolvla,failure,460,23.0,8,0.3478,0.457
1349,eye_drops_to_shelf,smolvla,failure,488,24.4,9,0.3689,0.428
1350,eye_drops_to_shelf,smolvla,failure,482,24.1,9,0.3734,0.492
1351,eye_drops_to_shelf,smolvla,failure,482,24.1,8,0.332,0.475
1352,eye_drops_to_shelf,smolvla,failure,477,23.9,9,0.3774,0.344
1353,eye_drops_to_shelf,smolvla,failure,481,24.1,8,0.3326,0.499
1354,eye_drops_to_shelf,smolvla,failure,483,24.1,8,0.3313,0.499
1355,eye_drops_to_shelf,smolvla,failure,201,10.1,4,0.398,0.632
1356,eye_drops_to_shelf,smolvla,failure,477,23.9,7,0.2935,0.572
1357,eye_drops_to_shelf,smolvla,failure,483,24.1,8,0.3313,0.439
1358,eye_drops_to_shelf,smolvla,failure,483,24.1,8,0.3313,0.445
1359,eye_drops_to_shelf,smolvla,failure,376,18.8,6,0.3191,0.396
1360,eye_drops_to_shelf,smolvla,failure,480,24.0,9,0.375,0.36
1361,eye_drops_to_shelf,smolvla,failure,481,24.1,6,0.2495,0.453
1362,eye_drops_to_shelf,smolvla,failure,480,24.0,9,0.375,0.45
1363,eye_drops_to_shelf,smolvla,failure,481,24.1,7,0.2911,0.526
1364,eye_drops_to_shelf,smolvla,failure,480,24.0,9,0.375,0.492
1365,eye_drops_to_shelf,smolvla,failure,478,23.9,7,0.2929,0.5
1366,eye_drops_to_shelf,smolvla,failure,438,21.9,8,0.3653,0.418
1367,eye_drops_to_shelf,smolvla,failure,482,24.1,9,0.3734,0.51
1368,eye_drops_to_shelf,smolvla,failure,481,24.1,8,0.3326,0.451
1369,eye_drops_to_shelf,smolvla,failure,485,24.2,7,0.2887,0.406
1370,eye_drops_to_shelf,smolvla,failure,475,23.8,8,0.3368,0.339
1371,eye_drops_to_shelf,smolvla,failure,485,24.2,9,0.3711,0.338
1372,eye_drops_to_shelf,smolvla,failure,479,23.9,8,0.334,0.422
1373,eye_drops_to_shelf,smolvla,failure,243,12.2,5,0.4115,0.49
1374,eye_drops_to_shelf,smolvla,failure,482,24.1,9,0.3734,0.361
1375,eye_drops_to_shelf,smolvla,failure,301,15.1,6,0.3987,0.326
1376,eye_drops_to_shelf,smolvla,failure,367,18.4,6,0.327,0.428
1377,eye_drops_to_shelf,smolvla,successful,157,7.8,3,0.3822,0.592
1378,eye_drops_to_shelf,smolvla,failure,239,11.9,4,0.3347,0.456
1379,eye_drops_to_shelf,smolvla,failure,475,23.8,9,0.3789,0.368
1380,eye_drops_to_shelf,smolvla,failure,481,24.1,9,0.3742,0.362
1381,eye_drops_to_shelf,smolvla,failure,477,23.9,8,0.3354,0.306
1382,eye_drops_to_shelf,smolvla,failure,340,17.0,6,0.3529,0.465
1383,eye_drops_to_shelf,smolvla,failure,483,24.1,7,0.2899,0.499
1384,eye_drops_to_shelf,smolvla,failure,478,23.9,8,0.3347,0.527
1385,eye_drops_to_shelf,smolvla,failure,481,24.1,9,0.3742,0.316
1386,eye_drops_to_shelf,smolvla,failure,482,24.1,8,0.332,0.328
1387,eye_drops_to_shelf,smolvla,successful,157,7.8,3,0.3822,0.65
1388,eye_drops_to_shelf,smolvla,successful,174,8.7,3,0.3448,0.621
1389,eye_drops_to_shelf,smolvla,failure,486,24.3,10,0.4115,0.418
1390,eye_drops_to_shelf,smolvla,failure,481,24.1,9,0.3742,0.322
1391,eye_drops_to_shelf,smolvla,failure,484,24.2,9,0.3719,0.508
1392,eye_drops_to_shelf,smolvla,failure,480,24.0,7,0.2917,0.294
1393,eye_drops_to_shelf,smolvla,failure,479,23.9,8,0.334,0.353
1394,eye_drops_to_shelf,smolvla,failure,483,24.1,9,0.3727,0.342
1395,eye_drops_to_shelf,smolvla,failure,484,24.2,8,0.3306,0.393
1396,eye_drops_to_shelf,smolvla,failure,479,23.9,9,0.3758,0.376
1397,eye_drops_to_shelf,smolvla,failure,479,23.9,10,0.4175,0.38
1398,eye_drops_to_shelf,smolvla,failure,479,23.9,8,0.334,0.359
1399,eye_drops_to_shelf,smolvla,failure,457,22.9,6,0.2626,0.403
1400,eye_drops_to_shelf,molmoact2,failure,406,20.3,4,0.197,0.51
1401,eye_drops_to_shelf,molmoact2,failure,423,21.1,6,0.2837,0.461
1402,eye_drops_to_shelf,molmoact2,failure,424,21.2,7,0.3302,0.432
1403,eye_drops_to_shelf,molmoact2,failure,435,21.8,6,0.2759,0.476
1404,eye_drops_to_shelf,molmoact2,failure,420,21.0,5,0.2381,0.457
1405,eye_drops_to_shelf,molmoact2,failure,426,21.3,6,0.2817,0.465
1406,eye_drops_to_shelf,molmoact2,failure,421,21.1,6,0.285,0.411
1407,eye_drops_to_shelf,molmoact2,failure,429,21.4,5,0.2331,0.399
1408,eye_drops_to_shelf,molmoact2,failure,422,21.1,5,0.237,0.476
1409,eye_drops_to_shelf,molmoact2,failure,430,21.5,5,0.2326,0.353
1410,eye_drops_to_shelf,molmoact2,failure,431,21.6,8,0.3712,0.334
1411,eye_drops_to_shelf,molmoact2,failure,421,21.1,5,0.2375,0.461
1412,eye_drops_to_shelf,molmoact2,failure,421,21.1,4,0.19,0.354
1413,eye_drops_to_shelf,molmoact2,failure,374,18.7,5,0.2674,0.372
1414,eye_drops_to_shelf,molmoact2,failure,421,21.1,5,0.2375,0.38
1415,eye_drops_to_shelf,molmoact2,failure,412,20.6,6,0.2913,0.505
1416,eye_drops_to_shelf,molmoact2,failure,425,21.2,8,0.3765,0.407
1417,eye_drops_to_shelf,molmoact2,failure,421,21.1,6,0.285,0.425
1418,eye_drops_to_shelf,molmoact2,failure,430,21.5,6,0.2791,0.386
1419,eye_drops_to_shelf,molmoact2,failure,421,21.1,5,0.2375,0.325
1420,eye_drops_to_shelf,molmoact2,failure,421,21.1,3,0.1425,0.857
1421,eye_drops_to_shelf,molmoact2,failure,421,21.1,6,0.285,0.496
1422,eye_drops_to_shelf,molmoact2,failure,427,21.4,7,0.3279,0.569
1423,eye_drops_to_shelf,molmoact2,failure,412,20.6,7,0.3398,0.354
1424,eye_drops_to_shelf,molmoact2,failure,421,21.1,6,0.285,0.392
1425,eye_drops_to_shelf,molmoact2,failure,411,20.6,5,0.2433,0.355
1426,eye_drops_to_shelf,molmoact2,failure,410,20.5,7,0.3415,0.505
1427,eye_drops_to_shelf,molmoact2,failure,442,22.1,5,0.2262,0.294
1428,eye_drops_to_shelf,molmoact2,failure,424,21.2,4,0.1887,0.354
1429,eye_drops_to_shelf,molmoact2,failure,433,21.6,7,0.3233,0.344
1430,eye_drops_to_shelf,molmoact2,failure,415,20.8,7,0.3373,0.446
1431,eye_drops_to_shelf,molmoact2,failure,299,14.9,3,0.2007,0.468
1432,eye_drops_to_shelf,molmoact2,failure,422,21.1,4,0.1896,0.784
1433,eye_drops_to_shelf,molmoact2,successful,181,9.1,3,0.3315,0.685
1434,eye_drops_to_shelf,molmoact2,failure,427,21.4,7,0.3279,0.461
1435,eye_drops_to_shelf,molmoact2,successful,185,9.2,3,0.3243,0.735
1436,eye_drops_to_shelf,molmoact2,failure,419,20.9,7,0.3341,0.48
1437,eye_drops_to_shelf,molmoact2,successful,160,8.0,3,0.375,0.706
1438,eye_drops_to_shelf,molmoact2,successful,181,9.1,3,0.3315,0.674
1439,eye_drops_to_shelf,molmoact2,failure,423,21.1,5,0.2364,0.52
1440,eye_drops_to_shelf,molmoact2,failure,436,21.8,8,0.367,0.502
1441,eye_drops_to_shelf,molmoact2,successful,170,8.5,3,0.3529,0.682
1442,eye_drops_to_shelf,molmoact2,failure,402,20.1,5,0.2488,0.381
1443,eye_drops_to_shelf,molmoact2,successful,180,9.0,3,0.3333,0.667
1444,eye_drops_to_shelf,molmoact2,successful,170,8.5,3,0.3529,0.671
1445,eye_drops_to_shelf,molmoact2,failure,413,20.6,7,0.339,0.402
1446,eye_drops_to_shelf,molmoact2,successful,170,8.5,3,0.3529,0.647
1447,eye_drops_to_shelf,molmoact2,successful,170,8.5,3,0.3529,0.653
1448,eye_drops_to_shelf,molmoact2,failure,424,21.2,2,0.0943,0.134
1449,eye_drops_to_shelf,molmoact2,successful,171,8.6,3,0.3509,0.626
1450,eye_drops_to_shelf,molmoact2,failure,416,20.8,6,0.2885,0.596
1451,eye_drops_to_shelf,molmoact2,successful,170,8.5,3,0.3529,0.682
1452,eye_drops_to_shelf,molmoact2,failure,449,22.4,7,0.3118,0.526
1453,eye_drops_to_shelf,molmoact2,failure,431,21.6,6,0.2784,0.527
1454,eye_drops_to_shelf,molmoact2,failure,448,22.4,6,0.2679,0.348
1455,eye_drops_to_shelf,molmoact2,successful,170,8.5,3,0.3529,0.671
1456,eye_drops_to_shelf,molmoact2,successful,180,9.0,3,0.3333,0.667
1457,eye_drops_to_shelf,molmoact2,failure,429,21.4,6,0.2797,0.375
1458,eye_drops_to_shelf,molmoact2,failure,450,22.5,5,0.2222,0.553
1459,eye_drops_to_shelf,molmoact2,successful,178,8.9,3,0.3371,0.691
1460,eye_drops_to_shelf,grootn1.7,successful,130,6.5,3,0.4615,0.585
1461,eye_drops_to_shelf,grootn1.7,failure,369,18.4,5,0.271,0.209
1462,eye_drops_to_shelf,grootn1.7,successful,146,7.3,3,0.411,0.705
1463,eye_drops_to_shelf,grootn1.7,successful,160,8.0,3,0.375,0.7
1464,eye_drops_to_shelf,grootn1.7,successful,244,12.2,4,0.3279,0.754
1465,eye_drops_to_shelf,grootn1.7,failure,205,10.2,4,0.3902,0.468
1466,eye_drops_to_shelf,grootn1.7,failure,353,17.6,5,0.2833,0.329
1467,eye_drops_to_shelf,grootn1.7,successful,161,8.1,3,0.3727,0.702
1468,eye_drops_to_shelf,grootn1.7,failure,362,18.1,6,0.3315,0.26
1469,eye_drops_to_shelf,grootn1.7,failure,375,18.8,5,0.2667,0.851
1470,eye_drops_to_shelf,grootn1.7,successful,204,10.2,3,0.2941,0.765
1471,eye_drops_to_shelf,grootn1.7,successful,161,8.1,3,0.3727,0.658
1472,eye_drops_to_shelf,grootn1.7,failure,365,18.2,10,0.5479,0.488
1473,eye_drops_to_shelf,grootn1.7,successful,145,7.2,3,0.4138,0.634
1474,eye_drops_to_shelf,grootn1.7,failure,360,18.0,11,0.6111,0.453
1475,eye_drops_to_shelf,grootn1.7,failure,361,18.1,3,0.1662,0.166
1476,eye_drops_to_shelf,grootn1.7,successful,187,9.3,3,0.3209,0.695
1477,eye_drops_to_shelf,grootn1.7,failure,360,18.0,5,0.2778,0.592
1478,eye_drops_to_shelf,grootn1.7,failure,355,17.8,11,0.6197,0.713
1479,eye_drops_to_shelf,grootn1.7,failure,371,18.6,9,0.4852,0.744
1480,eye_drops_to_shelf,grootn1.7,successful,173,8.7,4,0.4624,0.74
1481,eye_drops_to_shelf,grootn1.7,failure,353,17.6,7,0.3966,0.691
1482,eye_drops_to_shelf,grootn1.7,failure,362,18.1,9,0.4972,0.583
1483,eye_drops_to_shelf,grootn1.7,failure,355,17.8,7,0.3944,0.327
1484,eye_drops_to_shelf,grootn1.7,failure,372,18.6,5,0.2688,0.29
1485,eye_drops_to_shelf,grootn1.7,failure,365,18.2,10,0.5479,0.674
1486,eye_drops_to_shelf,grootn1.7,successful,180,9.0,3,0.3333,0.706
1487,eye_drops_to_shelf,grootn1.7,failure,353,17.6,8,0.4533,0.572
1488,eye_drops_to_shelf,grootn1.7,successful,147,7.3,3,0.4082,0.66
1489,eye_drops_to_shelf,grootn1.7,successful,181,9.1,3,0.3315,0.707
1490,eye_drops_to_shelf,pi0,failure,486,24.3,7,0.2881,0.636
1491,eye_drops_to_shelf,pi0,successful,181,9.1,3,0.3315,0.657
1492,eye_drops_to_shelf,pi0,failure,397,19.9,5,0.2519,0.456
1493,eye_drops_to_shelf,pi0,successful,266,13.3,4,0.3008,0.65
1494,eye_drops_to_shelf,pi0,successful,184,9.2,3,0.3261,0.69
1495,eye_drops_to_shelf,pi0,successful,300,15.0,6,0.4,0.597
1496,eye_drops_to_shelf,pi0,successful,320,16.0,8,0.5,0.634
1497,eye_drops_to_shelf,pi0,successful,176,8.8,3,0.3409,0.688
1498,eye_drops_to_shelf,pi0,successful,160,8.0,3,0.375,0.656
1499,eye_drops_to_shelf,pi0,failure,482,24.1,6,0.249,0.581
1500,eye_drops_to_shelf,pi0,successful,414,20.7,6,0.2899,0.481
1501,eye_drops_to_shelf,pi0,successful,194,9.7,3,0.3093,0.727
1502,eye_drops_to_shelf,pi0,successful,245,12.2,4,0.3265,0.58
1503,eye_drops_to_shelf,pi0,failure,479,23.9,5,0.2088,0.545
1504,eye_drops_to_shelf,pi0,successful,316,15.8,4,0.2532,0.509
1505,eye_drops_to_shelf,pi0,successful,168,8.4,3,0.3571,0.673
1506,eye_drops_to_shelf,pi0,successful,182,9.1,3,0.3297,0.687
1507,eye_drops_to_shelf,pi0,successful,196,9.8,4,0.4082,0.719
1508,eye_drops_to_shelf,pi0,successful,178,8.9,3,0.3371,0.708
1509,eye_drops_to_shelf,pi0,successful,175,8.8,3,0.3429,0.703
1510,eye_drops_to_shelf,pi0,failure,283,14.2,5,0.3534,0.36
1511,eye_drops_to_shelf,pi0,failure,412,20.6,6,0.2913,0.454
1512,eye_drops_to_shelf,pi0,successful,392,19.6,7,0.3571,0.584
1513,eye_drops_to_shelf,pi0,successful,196,9.8,3,0.3061,0.724
1514,eye_drops_to_shelf,pi0,successful,180,9.0,3,0.3333,0.706
1515,eye_drops_to_shelf,pi0,failure,475,23.8,7,0.2947,0.444
1516,eye_drops_to_shelf,pi0,successful,183,9.2,3,0.3279,0.71
1517,eye_drops_to_shelf,pi0,successful,181,9.1,3,0.3315,0.591
1518,eye_drops_to_shelf,pi0,successful,242,12.1,3,0.2479,0.764
1519,eye_drops_to_shelf,pi0.5,successful,482,24.1,7,0.2905,0.328
1520,eye_drops_to_shelf,pi0.5,failure,480,24.0,3,0.125,0.163
1521,eye_drops_to_shelf,pi0.5,successful,300,15.0,5,0.3333,0.613
1522,eye_drops_to_shelf,pi0.5,successful,189,9.4,3,0.3175,0.64
1523,eye_drops_to_shelf,pi0.5,successful,200,10.0,3,0.3,0.735
1524,eye_drops_to_shelf,pi0.5,successful,170,8.5,3,0.3529,0.671
1525,eye_drops_to_shelf,pi0.5,failure,393,19.6,7,0.3562,0.57
1526,eye_drops_to_shelf,pi0.5,successful,148,7.4,3,0.4054,0.622
1527,eye_drops_to_shelf,pi0.5,successful,203,10.2,3,0.2956,0.704
1528,eye_drops_to_shelf,pi0.5,successful,164,8.2,3,0.3659,0.652
1529,eye_drops_to_shelf,pi0.5,failure,479,23.9,7,0.2923,0.474
1530,eye_drops_to_shelf,pi0.5,failure,479,23.9,7,0.2923,0.52
1531,eye_drops_to_shelf,pi0.5,failure,477,23.9,5,0.2096,0.369
1532,eye_drops_to_shelf,pi0.5,successful,170,8.5,3,0.3529,0.688
1533,eye_drops_to_shelf,pi0.5,failure,473,23.6,3,0.1268,0.273
1534,eye_drops_to_shelf,pi0.5,successful,164,8.2,3,0.3659,0.677
1535,eye_drops_to_shelf,pi0.5,successful,163,8.2,3,0.3681,0.693
1536,eye_drops_to_shelf,pi0.5,failure,304,15.2,3,0.1974,0.615
1537,eye_drops_to_shelf,pi0.5,successful,160,8.0,3,0.375,0.669
1538,eye_drops_to_shelf,pi0.5,failure,480,24.0,7,0.2917,0.671
1539,eye_drops_to_shelf,pi0.5,successful,176,8.8,3,0.3409,0.682
1540,eye_drops_to_shelf,pi0.5,successful,163,8.2,3,0.3681,0.638
1541,eye_drops_to_shelf,pi0.5,successful,158,7.9,3,0.3797,0.671
1542,eye_drops_to_shelf,pi0.5,successful,174,8.7,3,0.3448,0.684
1543,eye_drops_to_shelf,pi0.5,successful,260,13.0,5,0.3846,0.562
1544,eye_drops_to_shelf,pi0.5,failure,481,24.1,6,0.2495,0.387
1545,eye_drops_to_shelf,pi0.5,successful,177,8.8,3,0.339,0.655
1546,eye_drops_to_shelf,pi0.5,successful,347,17.4,5,0.2882,0.432
1547,eye_drops_to_shelf,pi0.5,successful,169,8.4,3,0.355,0.686
1548,eye_drops_to_shelf,pi0.5,successful,162,8.1,3,0.3704,0.648
1549,eye_drops_to_shelf,teleoperated,successful,246,12.3,3,0.2439,0.785
1550,eye_drops_to_shelf,teleoperated,successful,265,13.2,3,0.2264,0.785
1551,eye_drops_to_shelf,teleoperated,successful,198,9.9,3,0.303,0.702
1552,eye_drops_to_shelf,teleoperated,successful,272,13.6,4,0.2941,0.798
1553,eye_drops_to_shelf,teleoperated,successful,220,11.0,3,0.2727,0.727
1554,eye_drops_to_shelf,teleoperated,successful,225,11.2,3,0.2667,0.769
1555,eye_drops_to_shelf,teleoperated,successful,196,9.8,3,0.3061,0.699
1556,eye_drops_to_shelf,teleoperated,successful,258,12.9,3,0.2326,0.698
1557,eye_drops_to_shelf,teleoperated,successful,197,9.8,3,0.3046,0.701
1558,eye_drops_to_shelf,teleoperated,successful,239,11.9,3,0.251,0.623
1559,eye_drops_to_shelf,teleoperated,successful,273,13.7,3,0.2198,0.648
1560,eye_drops_to_shelf,teleoperated,successful,207,10.3,3,0.2899,0.758
1561,eye_drops_to_shelf,teleoperated,successful,226,11.3,3,0.2655,0.726
1562,eye_drops_to_shelf,teleoperated,successful,196,9.8,3,0.3061,0.724
1563,eye_drops_to_shelf,teleoperated,successful,231,11.6,3,0.2597,0.667
1564,eye_drops_to_shelf,teleoperated,successful,254,12.7,3,0.2362,0.752
1565,eye_drops_to_shelf,teleoperated,successful,272,13.6,3,0.2206,0.68
1566,eye_drops_to_shelf,teleoperated,successful,227,11.3,3,0.2643,0.722
1567,eye_drops_to_shelf,teleoperated,successful,217,10.8,3,0.2765,0.696
1568,eye_drops_to_shelf,teleoperated,successful,314,15.7,3,0.1911,0.5
1569,eye_drops_to_shelf,teleoperated,successful,239,11.9,3,0.251,0.531
1570,eye_drops_to_shelf,teleoperated,successful,206,10.3,3,0.2913,0.738
1571,eye_drops_to_shelf,teleoperated,successful,217,10.8,3,0.2765,0.742
1572,eye_drops_to_shelf,teleoperated,successful,190,9.5,3,0.3158,0.616
1573,eye_drops_to_shelf,teleoperated,successful,189,9.4,3,0.3175,0.677
1574,eye_drops_to_shelf,teleoperated,successful,321,16.1,3,0.1869,0.483
1575,eye_drops_to_shelf,teleoperated,successful,259,12.9,3,0.2317,0.772
1576,eye_drops_to_shelf,teleoperated,successful,210,10.5,3,0.2857,0.752
1577,eye_drops_to_shelf,teleoperated,successful,234,11.7,3,0.2564,0.748
1578,eye_drops_to_shelf,teleoperated,successful,218,10.9,3,0.2752,0.683
1579,eye_drops_to_shelf,teleoperated,successful,272,13.6,3,0.2206,0.798
1580,eye_drops_to_shelf,teleoperated,successful,192,9.6,3,0.3125,0.693
1581,eye_drops_to_shelf,teleoperated,successful,205,10.2,3,0.2927,0.678
1582,eye_drops_to_shelf,teleoperated,successful,204,10.2,3,0.2941,0.755
1583,eye_drops_to_shelf,teleoperated,successful,170,8.5,3,0.3529,0.741
1584,eye_drops_to_shelf,teleoperated,successful,266,13.3,3,0.2256,0.763
1585,eye_drops_to_shelf,teleoperated,successful,205,10.2,3,0.2927,0.737
1586,eye_drops_to_shelf,teleoperated,successful,274,13.7,3,0.219,0.818
1587,eye_drops_to_shelf,teleoperated,successful,172,8.6,3,0.3488,0.738
1588,eye_drops_to_shelf,teleoperated,successful,161,8.1,3,0.3727,0.752
1589,eye_drops_to_shelf,teleoperated,successful,177,8.8,3,0.339,0.74
1590,eye_drops_to_shelf,teleoperated,successful,216,10.8,3,0.2778,0.704
1591,eye_drops_to_shelf,teleoperated,successful,168,8.4,3,0.3571,0.714
1592,eye_drops_to_shelf,teleoperated,successful,230,11.5,3,0.2609,0.539
1593,eye_drops_to_shelf,teleoperated,successful,189,9.4,3,0.3175,0.651
1594,eye_drops_to_shelf,teleoperated,successful,235,11.8,3,0.2553,0.587
1595,eye_drops_to_shelf,teleoperated,successful,304,15.2,3,0.1974,0.74
1596,eye_drops_to_shelf,teleoperated,successful,175,8.8,3,0.3429,0.72
1597,eye_drops_to_shelf,teleoperated,successful,173,8.7,3,0.3468,0.728
1598,eye_drops_to_shelf,teleoperated,successful,182,9.1,3,0.3297,0.648
1599,eye_drops_to_basket,diffusion,successful,164,8.2,3,0.3659,0.701
1600,eye_drops_to_basket,diffusion,failure,425,21.2,6,0.2824,0.748
1601,eye_drops_to_basket,diffusion,failure,419,20.9,6,0.2864,0.742
1602,eye_drops_to_basket,diffusion,failure,412,20.6,7,0.3398,0.718
1603,eye_drops_to_basket,diffusion,failure,433,21.6,5,0.2309,0.702
1604,eye_drops_to_basket,diffusion,successful,161,8.1,3,0.3727,0.752
1605,eye_drops_to_basket,diffusion,successful,304,15.2,5,0.3289,0.724
1606,eye_drops_to_basket,diffusion,failure,420,21.0,5,0.2381,0.7
1607,eye_drops_to_basket,diffusion,successful,193,9.7,3,0.3109,0.777
1608,eye_drops_to_basket,diffusion,failure,281,14.1,4,0.2847,0.715
1609,eye_drops_to_basket,diffusion,successful,178,8.9,3,0.3371,0.747
1610,eye_drops_to_basket,diffusion,successful,187,9.3,3,0.3209,0.749
1611,eye_drops_to_basket,diffusion,successful,132,6.6,3,0.4545,0.636
1612,eye_drops_to_basket,diffusion,successful,143,7.2,3,0.4196,0.678
1613,eye_drops_to_basket,diffusion,failure,414,20.7,6,0.2899,0.725
1614,eye_drops_to_basket,diffusion,failure,417,20.9,5,0.2398,0.743
1615,eye_drops_to_basket,diffusion,failure,435,21.8,6,0.2759,0.71
1616,eye_drops_to_basket,diffusion,failure,388,19.4,4,0.2062,0.771
1617,eye_drops_to_basket,diffusion,failure,425,21.2,7,0.3294,0.762
1618,eye_drops_to_basket,diffusion,successful,323,16.1,5,0.3096,0.715
1619,eye_drops_to_basket,diffusion,successful,340,17.0,5,0.2941,0.712
1620,eye_drops_to_basket,diffusion,successful,340,17.0,5,0.2941,0.735
1621,eye_drops_to_basket,diffusion,failure,421,21.1,5,0.2375,0.686
1622,eye_drops_to_basket,diffusion,successful,132,6.6,3,0.4545,0.659
1623,eye_drops_to_basket,diffusion,failure,417,20.9,5,0.2398,0.765
1624,eye_drops_to_basket,diffusion,failure,424,21.2,5,0.2358,0.726
1625,eye_drops_to_basket,diffusion,failure,425,21.2,5,0.2353,0.729
1626,eye_drops_to_basket,diffusion,successful,175,8.8,3,0.3429,0.731
1627,eye_drops_to_basket,diffusion,failure,437,21.9,5,0.2288,0.792
1628,eye_drops_to_basket,diffusion,failure,417,20.9,5,0.2398,0.755
1629,eye_drops_to_basket,act,failure,891,44.5,28,0.6285,0.458
1630,eye_drops_to_basket,act,successful,115,5.8,3,0.5217,0.687
1631,eye_drops_to_basket,act,successful,194,9.7,5,0.5155,0.691
1632,eye_drops_to_basket,act,successful,119,6.0,3,0.5042,0.689
1633,eye_drops_to_basket,act,successful,118,5.9,3,0.5085,0.695
1634,eye_drops_to_basket,act,successful,128,6.4,3,0.4688,0.766
1635,eye_drops_to_basket,act,successful,192,9.6,5,0.5208,0.766
1636,eye_drops_to_basket,act,failure,892,44.6,24,0.5381,0.528
1637,eye_drops_to_basket,act,successful,260,13.0,8,0.6154,0.612
1638,eye_drops_to_basket,act,successful,111,5.5,2,0.3604,0.631
1639,eye_drops_to_basket,act,successful,153,7.7,4,0.5229,0.725
1640,eye_drops_to_basket,act,failure,880,44.0,27,0.6136,0.515
1641,eye_drops_to_basket,act,successful,185,9.2,5,0.5405,0.676
1642,eye_drops_to_basket,act,successful,188,9.4,5,0.5319,0.718
1643,eye_drops_to_basket,act,successful,129,6.5,3,0.4651,0.721
1644,eye_drops_to_basket,act,failure,892,44.6,26,0.583,0.463
1645,eye_drops_to_basket,act,failure,889,44.5,8,0.18,0.862
1646,eye_drops_to_basket,act,failure,878,43.9,20,0.4556,0.526
1647,eye_drops_to_basket,act,successful,152,7.6,3,0.3947,0.816
1648,eye_drops_to_basket,act,failure,898,44.9,22,0.49,0.54
1649,eye_drops_to_basket,act,successful,142,7.1,2,0.2817,0.81
1650,eye_drops_to_basket,act,failure,887,44.4,21,0.4735,0.524
1651,eye_drops_to_basket,act,failure,890,44.5,20,0.4494,0.555
1652,eye_drops_to_basket,act,successful,136,6.8,3,0.4412,0.757
1653,eye_drops_to_basket,act,successful,156,7.8,3,0.3846,0.795
1654,eye_drops_to_basket,act,failure,887,44.4,27,0.6088,0.537
1655,eye_drops_to_basket,act,failure,894,44.7,28,0.6264,0.46
1656,eye_drops_to_basket,act,successful,141,7.0,3,0.4255,0.78
1657,eye_drops_to_basket,act,successful,133,6.7,3,0.4511,0.729
1658,eye_drops_to_basket,act,successful,90,4.5,3,0.6667,0.556
1659,eye_drops_to_basket,smolvla,failure,471,23.6,3,0.1274,0.87
1660,eye_drops_to_basket,smolvla,failure,483,24.1,2,0.0828,0.942
1661,eye_drops_to_basket,smolvla,successful,210,10.5,3,0.2857,0.795
1662,eye_drops_to_basket,smolvla,failure,481,24.1,4,0.1663,0.798
1663,eye_drops_to_basket,smolvla,failure,484,24.2,8,0.3306,0.692
1664,eye_drops_to_basket,smolvla,successful,304,15.2,4,0.2632,0.707
1665,eye_drops_to_basket,smolvla,failure,483,24.1,8,0.3313,0.636
1666,eye_drops_to_basket,smolvla,failure,482,24.1,4,0.166,0.776
1667,eye_drops_to_basket,smolvla,failure,478,23.9,7,0.2929,0.724
1668,eye_drops_to_basket,smolvla,failure,479,23.9,3,0.1253,0.914
1669,eye_drops_to_basket,smolvla,failure,484,24.2,7,0.2893,0.736
1670,eye_drops_to_basket,smolvla,failure,480,24.0,11,0.4583,0.579
1671,eye_drops_to_basket,smolvla,failure,477,23.9,8,0.3354,0.746
1672,eye_drops_to_basket,smolvla,failure,160,8.0,3,0.375,0.744
1673,eye_drops_to_basket,smolvla,failure,475,23.8,3,0.1263,0.897
1674,eye_drops_to_basket,smolvla,successful,146,7.3,3,0.411,0.692
1675,eye_drops_to_basket,smolvla,failure,134,6.7,3,0.4478,0.679
1676,eye_drops_to_basket,smolvla,successful,110,5.5,2,0.3636,0.536
1677,eye_drops_to_basket,smolvla,failure,480,24.0,8,0.3333,0.669
1678,eye_drops_to_basket,smolvla,successful,140,7.0,3,0.4286,0.729
1679,eye_drops_to_basket,smolvla,successful,251,12.6,5,0.3984,0.653
1680,eye_drops_to_basket,smolvla,failure,482,24.1,3,0.1245,0.917
1681,eye_drops_to_basket,smolvla,failure,484,24.2,9,0.3719,0.61
1682,eye_drops_to_basket,smolvla,failure,482,24.1,10,0.4149,0.506
1683,eye_drops_to_basket,smolvla,failure,484,24.2,10,0.4132,0.512
1684,eye_drops_to_basket,smolvla,failure,481,24.1,3,0.1247,0.915
1685,eye_drops_to_basket,smolvla,failure,479,23.9,7,0.2923,0.722
1686,eye_drops_to_basket,smolvla,successful,115,5.8,3,0.5217,0.652
1687,eye_drops_to_basket,smolvla,failure,475,23.8,9,0.3789,0.568
1688,eye_drops_to_basket,smolvla,failure,485,24.2,9,0.3711,0.571
1689,eye_drops_to_basket,molmoact2,failure,408,20.4,6,0.2941,0.559
1690,eye_drops_to_basket,molmoact2,failure,423,21.1,7,0.331,0.617
1691,eye_drops_to_basket,molmoact2,failure,392,19.6,6,0.3061,0.617
1692,eye_drops_to_basket,molmoact2,failure,427,21.4,6,0.281,0.677
1693,eye_drops_to_basket,molmoact2,failure,427,21.4,5,0.2342,0.74
1694,eye_drops_to_basket,molmoact2,failure,439,21.9,8,0.3645,0.567
1695,eye_drops_to_basket,molmoact2,successful,240,12.0,4,0.3333,0.725
1696,eye_drops_to_basket,molmoact2,failure,438,21.9,6,0.274,0.687
1697,eye_drops_to_basket,molmoact2,failure,439,21.9,7,0.3189,0.667
1698,eye_drops_to_basket,molmoact2,failure,439,21.9,4,0.1822,0.834
1699,eye_drops_to_basket,molmoact2,failure,435,21.8,8,0.3678,0.446
1700,eye_drops_to_basket,molmoact2,failure,441,22.1,9,0.4082,0.59
1701,eye_drops_to_basket,molmoact2,failure,440,22.0,5,0.2273,0.716
1702,eye_drops_to_basket,molmoact2,failure,432,21.6,8,0.3704,0.481
1703,eye_drops_to_basket,molmoact2,failure,443,22.1,10,0.4515,0.26
1704,eye_drops_to_basket,molmoact2,failure,430,21.5,8,0.3721,0.251
1705,eye_drops_to_basket,molmoact2,failure,445,22.2,7,0.3146,0.216
1706,eye_drops_to_basket,molmoact2,failure,432,21.6,7,0.3241,0.317
1707,eye_drops_to_basket,molmoact2,failure,441,22.1,7,0.3175,0.585
1708,eye_drops_to_basket,molmoact2,failure,445,22.2,10,0.4494,0.272
1709,eye_drops_to_basket,molmoact2,failure,449,22.4,8,0.3563,0.278
1710,eye_drops_to_basket,molmoact2,failure,451,22.6,9,0.3991,0.275
1711,eye_drops_to_basket,molmoact2,failure,425,21.2,7,0.3294,0.569
1712,eye_drops_to_basket,molmoact2,failure,445,22.2,8,0.3596,0.449
1713,eye_drops_to_basket,molmoact2,failure,444,22.2,8,0.3604,0.309
1714,eye_drops_to_basket,molmoact2,failure,450,22.5,9,0.4,0.244
1715,eye_drops_to_basket,molmoact2,failure,442,22.1,7,0.3167,0.333
1716,eye_drops_to_basket,molmoact2,failure,436,21.8,8,0.367,0.406
1717,eye_drops_to_basket,molmoact2,failure,405,20.2,7,0.3457,0.528
1718,eye_drops_to_basket,molmoact2,failure,420,21.0,13,0.619,0.243
1719,eye_drops_to_basket,molmoact2,successful,181,9.1,3,0.3315,0.779
1720,eye_drops_to_basket,molmoact2,successful,128,6.4,3,0.4688,0.68
1721,eye_drops_to_basket,molmoact2,successful,151,7.5,3,0.3974,0.748
1722,eye_drops_to_basket,molmoact2,failure,430,21.5,8,0.3721,0.551
1723,eye_drops_to_basket,molmoact2,failure,439,21.9,8,0.3645,0.597
1724,eye_drops_to_basket,molmoact2,successful,154,7.7,3,0.3896,0.747
1725,eye_drops_to_basket,molmoact2,successful,148,7.4,3,0.4054,0.709
1726,eye_drops_to_basket,molmoact2,successful,150,7.5,3,0.4,0.74
1727,eye_drops_to_basket,molmoact2,successful,163,8.2,3,0.3681,0.736
1728,eye_drops_to_basket,molmoact2,successful,173,8.7,3,0.3468,0.769
1729,eye_drops_to_basket,molmoact2,failure,421,21.1,6,0.285,0.67
1730,eye_drops_to_basket,molmoact2,successful,144,7.2,3,0.4167,0.715
1731,eye_drops_to_basket,molmoact2,successful,421,21.1,6,0.285,0.72
1732,eye_drops_to_basket,molmoact2,successful,137,6.8,3,0.438,0.715
1733,eye_drops_to_basket,molmoact2,successful,135,6.8,3,0.4444,0.696
1734,eye_drops_to_basket,molmoact2,failure,418,20.9,6,0.2871,0.605
1735,eye_drops_to_basket,molmoact2,failure,436,21.8,8,0.367,0.511
1736,eye_drops_to_basket,molmoact2,successful,392,19.6,8,0.4082,0.605
1737,eye_drops_to_basket,molmoact2,failure,448,22.4,8,0.3571,0.529
1738,eye_drops_to_basket,molmoact2,failure,432,21.6,6,0.2778,0.738
1739,eye_drops_to_basket,molmoact2,successful,155,7.8,3,0.3871,0.748
1740,eye_drops_to_basket,molmoact2,failure,448,22.4,9,0.4018,0.554
1741,eye_drops_to_basket,molmoact2,successful,148,7.4,3,0.4054,0.736
1742,eye_drops_to_basket,molmoact2,failure,448,22.4,7,0.3125,0.587
1743,eye_drops_to_basket,molmoact2,successful,237,11.8,5,0.4219,0.658
1744,eye_drops_to_basket,molmoact2,successful,151,7.5,3,0.3974,0.722
1745,eye_drops_to_basket,molmoact2,failure,448,22.4,5,0.2232,0.725
1746,eye_drops_to_basket,molmoact2,successful,149,7.5,3,0.4027,0.732
1747,eye_drops_to_basket,molmoact2,successful,143,7.2,3,0.4196,0.727
1748,eye_drops_to_basket,molmoact2,failure,446,22.3,3,0.1345,0.857
1749,eye_drops_to_basket,grootn1.7,successful,145,7.2,3,0.4138,0.703
1750,eye_drops_to_basket,grootn1.7,successful,130,6.5,3,0.4615,0.723
1751,eye_drops_to_basket,grootn1.7,successful,140,7.0,3,0.4286,0.686
1752,eye_drops_to_basket,grootn1.7,failure,353,17.6,16,0.9065,0.535
1753,eye_drops_to_basket,grootn1.7,successful,143,7.2,4,0.5594,0.692
1754,eye_drops_to_basket,grootn1.7,successful,160,8.0,3,0.375,0.681
1755,eye_drops_to_basket,grootn1.7,successful,131,6.5,3,0.458,0.695
1756,eye_drops_to_basket,grootn1.7,successful,160,8.0,3,0.375,0.637
1757,eye_drops_to_basket,grootn1.7,successful,140,7.0,3,0.4286,0.707
1758,eye_drops_to_basket,grootn1.7,successful,151,7.5,4,0.5298,0.709
1759,eye_drops_to_basket,grootn1.7,successful,150,7.5,4,0.5333,0.667
1760,eye_drops_to_basket,grootn1.7,successful,140,7.0,4,0.5714,0.671
1761,eye_drops_to_basket,grootn1.7,failure,353,17.6,11,0.6232,0.484
1762,eye_drops_to_basket,grootn1.7,successful,148,7.4,4,0.5405,0.73
1763,eye_drops_to_basket,grootn1.7,successful,149,7.5,4,0.5369,0.738
1764,eye_drops_to_basket,grootn1.7,failure,374,18.7,11,0.5882,0.476
1765,eye_drops_to_basket,grootn1.7,failure,272,13.6,6,0.4412,0.574
1766,eye_drops_to_basket,grootn1.7,failure,369,18.4,9,0.4878,0.577
1767,eye_drops_to_basket,grootn1.7,successful,300,15.0,7,0.4667,0.57
1768,eye_drops_to_basket,grootn1.7,failure,369,18.4,11,0.5962,0.463
1769,eye_drops_to_basket,grootn1.7,successful,366,18.3,9,0.4918,0.563
1770,eye_drops_to_basket,grootn1.7,successful,170,8.5,4,0.4706,0.694
1771,eye_drops_to_basket,grootn1.7,successful,140,7.0,3,0.4286,0.721
1772,eye_drops_to_basket,grootn1.7,successful,183,9.2,4,0.4372,0.546
1773,eye_drops_to_basket,grootn1.7,failure,197,9.8,5,0.5076,0.452
1774,eye_drops_to_basket,grootn1.7,failure,383,19.1,11,0.5744,0.47
1775,eye_drops_to_basket,grootn1.7,successful,382,19.1,12,0.6283,0.599
1776,eye_drops_to_basket,grootn1.7,failure,286,14.3,7,0.4895,0.42
1777,eye_drops_to_basket,grootn1.7,failure,375,18.8,10,0.5333,0.509
1778,eye_drops_to_basket,grootn1.7,successful,145,7.2,3,0.4138,0.71
1779,eye_drops_to_basket,pi0,successful,143,7.2,3,0.4196,0.734
1780,eye_drops_to_basket,pi0,successful,159,8.0,3,0.3774,0.761
1781,eye_drops_to_basket,pi0,successful,296,14.8,5,0.3378,0.767
1782,eye_drops_to_basket,pi0,successful,464,23.2,5,0.2155,0.78
1783,eye_drops_to_basket,pi0,successful,149,7.5,3,0.4027,0.772
1784,eye_drops_to_basket,pi0,failure,250,12.5,4,0.32,0.728
1785,eye_drops_to_basket,pi0,successful,257,12.8,5,0.3891,0.669
1786,eye_drops_to_basket,pi0,successful,278,13.9,4,0.2878,0.748
1787,eye_drops_to_basket,pi0,successful,232,11.6,4,0.3448,0.69
1788,eye_drops_to_basket,pi0,successful,167,8.3,3,0.3593,0.76
1789,eye_drops_to_basket,pi0,successful,179,8.9,3,0.3352,0.788
1790,eye_drops_to_basket,pi0,successful,156,7.8,3,0.3846,0.769
1791,eye_drops_to_basket,pi0,successful,160,8.0,3,0.375,0.7
1792,eye_drops_to_basket,pi0,failure,197,9.8,4,0.4061,0.563
1793,eye_drops_to_basket,pi0,failure,417,20.9,4,0.1918,0.719
1794,eye_drops_to_basket,pi0,successful,148,7.4,3,0.4054,0.723
1795,eye_drops_to_basket,pi0,failure,159,8.0,3,0.3774,0.604
1796,eye_drops_to_basket,pi0,failure,483,24.1,7,0.2899,0.683
1797,eye_drops_to_basket,pi0,successful,172,8.6,3,0.3488,0.75
1798,eye_drops_to_basket,pi0,successful,145,7.2,3,0.4138,0.703
1799,eye_drops_to_basket,pi0,failure,477,23.9,5,0.2096,0.706
1800,eye_drops_to_basket,pi0,successful,171,8.6,3,0.3509,0.766
1801,eye_drops_to_basket,pi0,failure,240,12.0,3,0.25,0.708
1802,eye_drops_to_basket,pi0,failure,484,24.2,7,0.2893,0.744
1803,eye_drops_to_basket,pi0,failure,480,24.0,7,0.2917,0.613
1804,eye_drops_to_basket,pi0,successful,151,7.5,3,0.3974,0.715
1805,eye_drops_to_basket,pi0,successful,162,8.1,3,0.3704,0.741
1806,eye_drops_to_basket,pi0,successful,204,10.2,3,0.2941,0.76
1807,eye_drops_to_basket,pi0,successful,170,8.5,3,0.3529,0.718
1808,eye_drops_to_basket,pi0,successful,222,11.1,4,0.3604,0.676
1809,eye_drops_to_basket,pi0.5,successful,137,6.8,3,0.438,0.715
1810,eye_drops_to_basket,pi0.5,successful,162,8.1,3,0.3704,0.759
1811,eye_drops_to_basket,pi0.5,successful,144,7.2,3,0.4167,0.722
1812,eye_drops_to_basket,pi0.5,successful,151,7.5,3,0.3974,0.722
1813,eye_drops_to_basket,pi0.5,failure,358,17.9,7,0.3911,0.589
1814,eye_drops_to_basket,pi0.5,successful,160,8.0,3,0.375,0.738
1815,eye_drops_to_basket,pi0.5,successful,176,8.8,3,0.3409,0.75
1816,eye_drops_to_basket,pi0.5,successful,144,7.2,3,0.4167,0.701
1817,eye_drops_to_basket,pi0.5,successful,161,8.1,3,0.3727,0.739
1818,eye_drops_to_basket,pi0.5,successful,160,8.0,3,0.375,0.738
1819,eye_drops_to_basket,pi0.5,successful,147,7.3,3,0.4082,0.721
1820,eye_drops_to_basket,pi0.5,successful,156,7.8,3,0.3846,0.731
1821,eye_drops_to_basket,pi0.5,successful,474,23.7,7,0.2954,0.745
1822,eye_drops_to_basket,pi0.5,successful,160,8.0,3,0.375,0.756
1823,eye_drops_to_basket,pi0.5,failure,476,23.8,6,0.2521,0.725
1824,eye_drops_to_basket,pi0.5,failure,482,24.1,8,0.332,0.585
1825,eye_drops_to_basket,pi0.5,failure,480,24.0,9,0.375,0.56
1826,eye_drops_to_basket,pi0.5,failure,412,20.6,7,0.3398,0.551
1827,eye_drops_to_basket,pi0.5,successful,156,7.8,3,0.3846,0.686
1828,eye_drops_to_basket,pi0.5,failure,481,24.1,6,0.2495,0.792
1829,eye_drops_to_basket,pi0.5,successful,155,7.8,3,0.3871,0.697
1830,eye_drops_to_basket,pi0.5,successful,140,7.0,3,0.4286,0.671
1831,eye_drops_to_basket,pi0.5,successful,312,15.6,5,0.3205,0.731
1832,eye_drops_to_basket,pi0.5,successful,148,7.4,3,0.4054,0.696
1833,eye_drops_to_basket,pi0.5,failure,480,24.0,9,0.375,0.59
1834,eye_drops_to_basket,pi0.5,failure,478,23.9,7,0.2929,0.68
1835,eye_drops_to_basket,pi0.5,failure,479,23.9,8,0.334,0.689
1836,eye_drops_to_basket,pi0.5,failure,471,23.6,9,0.3822,0.718
1837,eye_drops_to_basket,pi0.5,successful,330,16.5,6,0.3636,0.697
1838,eye_drops_to_basket,pi0.5,successful,330,16.5,6,0.3636,0.679
1839,eye_drops_to_basket,teleoperated,successful,242,12.1,3,0.2479,0.798
1840,eye_drops_to_basket,teleoperated,successful,158,7.9,3,0.3797,0.759
1841,eye_drops_to_basket,teleoperated,successful,141,7.0,3,0.4255,0.709
1842,eye_drops_to_basket,teleoperated,successful,149,7.5,3,0.4027,0.805
1843,eye_drops_to_basket,teleoperated,successful,132,6.6,3,0.4545,0.72
1844,eye_drops_to_basket,teleoperated,successful,160,8.0,3,0.375,0.75
1845,eye_drops_to_basket,teleoperated,successful,146,7.3,3,0.411,0.76
1846,eye_drops_to_basket,teleoperated,successful,171,8.6,3,0.3509,0.749
1847,eye_drops_to_basket,teleoperated,successful,147,7.3,3,0.4082,0.769
1848,eye_drops_to_basket,teleoperated,successful,202,10.1,3,0.297,0.777
1849,eye_drops_to_basket,teleoperated,successful,172,8.6,3,0.3488,0.762
1850,eye_drops_to_basket,teleoperated,successful,183,9.2,3,0.3279,0.738
1851,eye_drops_to_basket,teleoperated,successful,200,10.0,3,0.3,0.77
1852,eye_drops_to_basket,teleoperated,successful,190,9.5,3,0.3158,0.758
1853,eye_drops_to_basket,teleoperated,successful,175,8.8,3,0.3429,0.771
1854,eye_drops_to_basket,teleoperated,successful,187,9.3,3,0.3209,0.668
1855,eye_drops_to_basket,teleoperated,successful,226,11.3,3,0.2655,0.668
1856,eye_drops_to_basket,teleoperated,successful,181,9.1,3,0.3315,0.729
1857,eye_drops_to_basket,teleoperated,successful,213,10.7,3,0.2817,0.751
1858,eye_drops_to_basket,teleoperated,successful,156,7.8,3,0.3846,0.712
1859,eye_drops_to_basket,teleoperated,successful,201,10.1,3,0.2985,0.791
1860,eye_drops_to_basket,teleoperated,successful,179,8.9,3,0.3352,0.749
1861,eye_drops_to_basket,teleoperated,successful,158,7.9,3,0.3797,0.709
1862,eye_drops_to_basket,teleoperated,successful,151,7.5,3,0.3974,0.735
1863,eye_drops_to_basket,teleoperated,successful,181,9.1,3,0.3315,0.707
1864,eye_drops_to_basket,teleoperated,successful,194,9.7,3,0.3093,0.784
1865,eye_drops_to_basket,teleoperated,successful,158,7.9,3,0.3797,0.759
1866,eye_drops_to_basket,teleoperated,successful,236,11.8,4,0.339,0.64
1867,eye_drops_to_basket,teleoperated,successful,182,9.1,3,0.3297,0.764
1868,eye_drops_to_basket,teleoperated,successful,178,8.9,3,0.3371,0.781
1869,eye_drops_to_basket,teleoperated,successful,164,8.2,3,0.3659,0.75
1870,eye_drops_to_basket,teleoperated,successful,179,8.9,3,0.3352,0.793
1871,eye_drops_to_basket,teleoperated,successful,169,8.4,3,0.355,0.74
1872,eye_drops_to_basket,teleoperated,successful,174,8.7,3,0.3448,0.747
1873,eye_drops_to_basket,teleoperated,successful,169,8.4,3,0.355,0.763
1874,eye_drops_to_basket,teleoperated,successful,169,8.4,3,0.355,0.817
1875,eye_drops_to_basket,teleoperated,successful,172,8.6,3,0.3488,0.75
1876,eye_drops_to_basket,teleoperated,successful,162,8.1,3,0.3704,0.802
1877,eye_drops_to_basket,teleoperated,successful,277,13.8,4,0.2888,0.574
1878,eye_drops_to_basket,teleoperated,successful,159,8.0,3,0.3774,0.698
1879,eye_drops_to_basket,teleoperated,successful,164,8.2,3,0.3659,0.738
1880,eye_drops_to_basket,teleoperated,successful,202,10.1,3,0.297,0.752
1881,eye_drops_to_basket,teleoperated,successful,322,16.1,4,0.2484,0.525
1882,eye_drops_to_basket,teleoperated,successful,210,10.5,3,0.2857,0.729
1883,eye_drops_to_basket,teleoperated,successful,191,9.6,3,0.3141,0.764
1884,eye_drops_to_basket,teleoperated,successful,215,10.8,3,0.2791,0.744
1885,eye_drops_to_basket,teleoperated,successful,167,8.3,3,0.3593,0.743
1886,eye_drops_to_basket,teleoperated,successful,183,9.2,3,0.3279,0.776
1887,eye_drops_to_basket,teleoperated,successful,169,8.4,3,0.355,0.704
1888,eye_drops_to_basket,teleoperated,successful,161,8.1,3,0.3727,0.739
1889,cable_clip,diffusion,failure,919,46.0,9,0.1959,0.756
1890,cable_clip,diffusion,failure,925,46.2,6,0.1297,0.457
1891,cable_clip,diffusion,failure,917,45.9,4,0.0872,0.178
1892,cable_clip,diffusion,failure,882,44.1,6,0.1361,0.803
1893,cable_clip,diffusion,failure,874,43.7,6,0.1373,0.198
1894,cable_clip,diffusion,failure,831,41.5,1,0.0241,0.13
1895,cable_clip,diffusion,failure,859,43.0,1,0.0233,1.0
1896,cable_clip,diffusion,failure,879,44.0,1,0.0228,1.0
1897,cable_clip,diffusion,failure,849,42.5,1,0.0236,1.0
1898,cable_clip,diffusion,failure,885,44.2,7,0.1582,0.854
1899,cable_clip,diffusion,failure,891,44.5,4,0.0898,0.398
1900,cable_clip,diffusion,failure,863,43.1,13,0.3013,0.591
1901,cable_clip,diffusion,failure,888,44.4,3,0.0676,0.484
1902,cable_clip,diffusion,failure,895,44.8,11,0.2458,0.369
1903,cable_clip,diffusion,failure,899,45.0,2,0.0445,0.207
1904,cable_clip,diffusion,failure,933,46.6,10,0.2144,0.667
1905,cable_clip,diffusion,failure,933,46.6,13,0.2787,0.563
1906,cable_clip,diffusion,failure,927,46.4,14,0.302,0.638
1907,cable_clip,diffusion,failure,930,46.5,25,0.5376,0.489
1908,cable_clip,diffusion,failure,930,46.5,10,0.2151,0.68
1909,cable_clip,diffusion,failure,928,46.4,9,0.194,0.206
1910,cable_clip,diffusion,failure,907,45.4,10,0.2205,0.673
1911,cable_clip,diffusion,failure,919,46.0,28,0.6094,0.559
1912,cable_clip,diffusion,failure,903,45.1,9,0.1993,0.783
1913,cable_clip,diffusion,failure,924,46.2,6,0.1299,0.594
1914,cable_clip,diffusion,failure,912,45.6,1,0.0219,1.0
1915,cable_clip,diffusion,failure,912,45.6,2,0.0439,0.908
1916,cable_clip,diffusion,failure,926,46.3,4,0.0864,0.965
1917,cable_clip,diffusion,failure,897,44.9,5,0.1115,0.901
1918,cable_clip,diffusion,failure,904,45.2,11,0.2434,0.611
1919,cable_clip,act,failure,977,48.9,10,0.2047,0.826
1920,cable_clip,act,failure,956,47.8,13,0.272,0.924
1921,cable_clip,act,failure,952,47.6,7,0.1471,0.933
1922,cable_clip,act,failure,953,47.6,11,0.2308,0.772
1923,cable_clip,act,failure,952,47.6,11,0.2311,0.829
1924,cable_clip,act,failure,942,47.1,11,0.2335,0.937
1925,cable_clip,act,failure,927,46.4,12,0.2589,0.959
1926,cable_clip,act,failure,891,44.5,10,0.2245,0.955
1927,cable_clip,act,failure,918,45.9,11,0.2397,0.885
1928,cable_clip,act,failure,911,45.5,11,0.2415,0.859
1929,cable_clip,act,failure,919,46.0,10,0.2176,0.785
1930,cable_clip,act,failure,927,46.4,13,0.2805,0.781
1931,cable_clip,act,failure,888,44.4,11,0.2477,0.791
1932,cable_clip,act,failure,926,46.3,9,0.1944,0.176
1933,cable_clip,act,failure,912,45.6,8,0.1754,0.799
1934,cable_clip,act,failure,979,49.0,8,0.1634,0.761
1935,cable_clip,act,failure,978,48.9,5,0.1022,0.94
1936,cable_clip,act,failure,983,49.1,6,0.1221,0.955
1937,cable_clip,act,failure,965,48.2,12,0.2487,0.874
1938,cable_clip,act,failure,970,48.5,12,0.2474,0.915
1939,cable_clip,act,failure,977,48.9,11,0.2252,0.927
1940,cable_clip,act,failure,966,48.3,4,0.0828,0.972
1941,cable_clip,act,failure,927,46.4,12,0.2589,0.889
1942,cable_clip,act,failure,929,46.5,6,0.1292,0.842
1943,cable_clip,act,failure,951,47.5,13,0.2734,0.8
1944,cable_clip,act,failure,910,45.5,12,0.2637,0.511
1945,cable_clip,act,failure,896,44.8,7,0.1562,0.225
1946,cable_clip,act,failure,920,46.0,12,0.2609,0.797
1947,cable_clip,act,failure,917,45.9,13,0.2835,0.315
1948,cable_clip,act,failure,937,46.9,10,0.2134,0.93
1949,cable_clip,act,failure,985,49.2,2,0.0406,0.979
1950,cable_clip,act,failure,995,49.8,4,0.0804,0.978
1951,cable_clip,act,failure,987,49.4,4,0.0811,0.969
1952,cable_clip,act,failure,988,49.4,3,0.0607,0.989
1953,cable_clip,act,failure,988,49.4,2,0.0405,0.98
1954,cable_clip,act,failure,989,49.5,4,0.0809,0.987
1955,cable_clip,act,failure,996,49.8,7,0.1406,0.949
1956,cable_clip,act,failure,993,49.6,1,0.0201,1.0
1957,cable_clip,act,failure,993,49.6,5,0.1007,0.985
1958,cable_clip,act,failure,994,49.7,1,0.0201,1.0
1959,cable_clip,act,failure,993,49.6,2,0.0403,0.998
1960,cable_clip,act,failure,992,49.6,13,0.2621,0.915
1961,cable_clip,act,failure,991,49.5,6,0.1211,0.556
1962,cable_clip,act,failure,990,49.5,4,0.0808,0.976
1963,cable_clip,act,failure,993,49.6,18,0.3625,0.906
1964,cable_clip,act,failure,987,49.4,8,0.1621,0.919
1965,cable_clip,act,failure,997,49.9,20,0.4012,0.615
1966,cable_clip,act,failure,991,49.5,17,0.3431,0.739
1967,cable_clip,act,failure,994,49.7,4,0.0805,0.975
1968,cable_clip,act,failure,475,23.8,14,0.5895,0.714
1969,cable_clip,act,failure,870,43.5,16,0.3678,0.701
1970,cable_clip,act,failure,837,41.9,14,0.3345,0.883
1971,cable_clip,act,failure,997,49.9,14,0.2808,0.889
1972,cable_clip,act,failure,993,49.6,22,0.4431,0.559
1973,cable_clip,act,failure,381,19.1,5,0.2625,0.927
1974,cable_clip,act,failure,153,7.7,4,0.5229,0.503
1975,cable_clip,act,failure,982,49.1,22,0.4481,0.56
1976,cable_clip,act,failure,988,49.4,22,0.4453,0.765
1977,cable_clip,act,failure,998,49.9,20,0.4008,0.802
1978,cable_clip,act,failure,955,47.8,25,0.5236,0.652
1979,cable_clip,smolvla,failure,864,43.2,11,0.2546,0.623
1980,cable_clip,smolvla,failure,868,43.4,10,0.2304,0.588
1981,cable_clip,smolvla,failure,871,43.5,14,0.3215,0.428
1982,cable_clip,smolvla,failure,871,43.5,12,0.2755,0.536
1983,cable_clip,smolvla,failure,878,43.9,11,0.2506,0.456
1984,cable_clip,smolvla,failure,867,43.4,15,0.346,0.612
1985,cable_clip,smolvla,failure,869,43.5,21,0.4833,0.453
1986,cable_clip,smolvla,failure,865,43.2,11,0.2543,0.688
1987,cable_clip,smolvla,failure,861,43.0,17,0.3949,0.751
1988,cable_clip,smolvla,failure,870,43.5,14,0.3218,0.764
1989,cable_clip,smolvla,failure,774,38.7,8,0.2067,0.727
1990,cable_clip,smolvla,failure,864,43.2,16,0.3704,0.723
1991,cable_clip,smolvla,failure,850,42.5,18,0.4235,0.774
1992,cable_clip,smolvla,failure,865,43.2,12,0.2775,0.785
1993,cable_clip,smolvla,failure,869,43.5,12,0.2762,0.75
1994,cable_clip,smolvla,failure,874,43.7,20,0.4577,0.491
1995,cable_clip,smolvla,failure,865,43.2,15,0.3468,0.354
1996,cable_clip,smolvla,failure,869,43.5,10,0.2301,0.307
1997,cable_clip,smolvla,failure,872,43.6,9,0.2064,0.382
1998,cable_clip,smolvla,failure,871,43.5,6,0.1378,0.358
1999,cable_clip,smolvla,failure,862,43.1,8,0.1856,0.254
2000,cable_clip,smolvla,failure,865,43.2,11,0.2543,0.622
2001,cable_clip,smolvla,failure,868,43.4,9,0.2074,0.267
2002,cable_clip,smolvla,failure,871,43.5,19,0.4363,0.596
2003,cable_clip,smolvla,failure,866,43.3,10,0.2309,0.289
2004,cable_clip,smolvla,failure,869,43.5,14,0.3222,0.297
2005,cable_clip,smolvla,failure,873,43.6,10,0.2291,0.304
2006,cable_clip,smolvla,failure,875,43.8,20,0.4571,0.637
2007,cable_clip,smolvla,failure,875,43.8,21,0.48,0.514
2008,cable_clip,smolvla,failure,876,43.8,14,0.3196,0.626
2009,cable_clip,molmoact2,failure,432,21.6,9,0.4167,0.535
2010,cable_clip,molmoact2,failure,429,21.4,6,0.2797,0.758
2011,cable_clip,molmoact2,failure,449,22.4,8,0.3563,0.619
2012,cable_clip,molmoact2,failure,424,21.2,7,0.3302,0.429
2013,cable_clip,molmoact2,failure,449,22.4,6,0.2673,0.802
2014,cable_clip,molmoact2,failure,429,21.4,6,0.2797,0.804
2015,cable_clip,molmoact2,failure,448,22.4,5,0.2232,0.661
2016,cable_clip,molmoact2,failure,445,22.2,4,0.1798,0.449
2017,cable_clip,molmoact2,failure,450,22.5,4,0.1778,0.916
2018,cable_clip,molmoact2,failure,421,21.1,2,0.095,0.387
2019,cable_clip,molmoact2,failure,414,20.7,5,0.2415,0.461
2020,cable_clip,molmoact2,failure,414,20.7,4,0.1932,0.234
2021,cable_clip,molmoact2,failure,415,20.8,3,0.1446,0.255
2022,cable_clip,molmoact2,failure,393,19.6,2,0.1018,0.298
2023,cable_clip,molmoact2,failure,415,20.8,3,0.1446,0.287
2024,cable_clip,molmoact2,failure,244,12.2,3,0.2459,0.762
2025,cable_clip,molmoact2,failure,261,13.1,3,0.2299,0.651
2026,cable_clip,molmoact2,failure,383,19.1,12,0.6266,0.399
2027,cable_clip,molmoact2,failure,85,4.2,2,0.4706,0.988
2028,cable_clip,molmoact2,failure,264,13.2,4,0.303,0.799
2029,cable_clip,molmoact2,failure,106,5.3,1,0.1887,1.0
2030,cable_clip,molmoact2,failure,413,20.6,13,0.6295,0.455
2031,cable_clip,molmoact2,failure,173,8.7,4,0.4624,0.815
2032,cable_clip,molmoact2,failure,321,16.1,3,0.1869,0.9
2033,cable_clip,molmoact2,failure,414,20.7,7,0.3382,0.899
2034,cable_clip,molmoact2,failure,427,21.4,6,0.281,0.714
2035,cable_clip,molmoact2,failure,421,21.1,7,0.3325,0.772
2036,cable_clip,molmoact2,failure,418,20.9,7,0.3349,0.813
2037,cable_clip,molmoact2,failure,419,20.9,4,0.1909,0.981
2038,cable_clip,molmoact2,failure,421,21.1,6,0.285,0.442
2039,cable_clip,molmoact2,failure,1018,50.9,18,0.3536,0.414
2040,cable_clip,molmoact2,failure,1021,51.0,7,0.1371,0.304
2041,cable_clip,molmoact2,failure,1021,51.0,10,0.1959,0.763
2042,cable_clip,molmoact2,failure,1025,51.2,7,0.1366,0.687
2043,cable_clip,molmoact2,failure,1022,51.1,11,0.2153,0.65
2044,cable_clip,molmoact2,failure,615,30.8,2,0.065,0.937
2045,cable_clip,molmoact2,failure,586,29.3,4,0.1365,0.744
2046,cable_clip,molmoact2,failure,464,23.2,3,0.1293,0.552
2047,cable_clip,molmoact2,failure,573,28.6,5,0.1745,0.787
2048,cable_clip,molmoact2,failure,865,43.2,2,0.0462,0.125
2049,cable_clip,molmoact2,failure,1018,50.9,6,0.1179,0.438
2050,cable_clip,molmoact2,failure,642,32.1,4,0.1246,0.558
2051,cable_clip,molmoact2,failure,1002,50.1,6,0.1198,0.337
2052,cable_clip,molmoact2,failure,382,19.1,3,0.1571,0.518
2053,cable_clip,molmoact2,failure,1016,50.8,3,0.0591,0.234
2054,cable_clip,molmoact2,failure,631,31.6,3,0.0951,0.952
2055,cable_clip,molmoact2,failure,137,6.8,2,0.292,0.577
2056,cable_clip,molmoact2,failure,841,42.0,7,0.1665,0.552
2057,cable_clip,molmoact2,failure,789,39.5,6,0.1521,0.318
2058,cable_clip,molmoact2,failure,224,11.2,3,0.2679,0.5
2059,cable_clip,molmoact2,failure,1016,50.8,2,0.0394,0.095
2060,cable_clip,molmoact2,failure,154,7.7,3,0.3896,0.695
2061,cable_clip,molmoact2,failure,1007,50.4,7,0.139,0.243
2062,cable_clip,molmoact2,failure,229,11.4,4,0.3493,0.699
2063,cable_clip,molmoact2,failure,1021,51.0,17,0.333,0.299
2064,cable_clip,molmoact2,failure,1017,50.9,7,0.1377,0.384
2065,cable_clip,molmoact2,failure,1015,50.8,19,0.3744,0.364
2066,cable_clip,molmoact2,failure,1012,50.6,17,0.336,0.433
2067,cable_clip,molmoact2,failure,1017,50.9,18,0.354,0.456
2068,cable_clip,molmoact2,failure,996,49.8,14,0.2811,0.491
2069,cable_clip,grootn1.7,failure,881,44.0,5,0.1135,0.851
2070,cable_clip,grootn1.7,failure,881,44.0,7,0.1589,0.829
2071,cable_clip,grootn1.7,failure,889,44.5,15,0.3375,0.495
2072,cable_clip,grootn1.7,failure,888,44.4,8,0.1802,0.422
2073,cable_clip,grootn1.7,failure,897,44.9,6,0.1338,0.799
2074,cable_clip,grootn1.7,failure,891,44.5,16,0.3591,0.695
2075,cable_clip,grootn1.7,failure,483,24.1,2,0.0828,0.242
2076,cable_clip,grootn1.7,failure,732,36.6,4,0.1093,0.34
2077,cable_clip,grootn1.7,failure,556,27.8,7,0.2518,0.705
2078,cable_clip,grootn1.7,failure,881,44.0,3,0.0681,0.109
2079,cable_clip,grootn1.7,failure,850,42.5,13,0.3059,0.381
2080,cable_clip,grootn1.7,failure,883,44.1,3,0.068,0.202
2081,cable_clip,grootn1.7,failure,867,43.4,11,0.2537,0.291
2082,cable_clip,grootn1.7,failure,161,8.1,1,0.1242,0.814
2083,cable_clip,grootn1.7,failure,865,43.2,8,0.185,0.768
2084,cable_clip,grootn1.7,failure,739,37.0,13,0.3518,0.536
2085,cable_clip,grootn1.7,failure,898,44.9,9,0.2004,0.314
2086,cable_clip,grootn1.7,failure,908,45.4,10,0.2203,0.182
2087,cable_clip,grootn1.7,failure,901,45.0,9,0.1998,0.396
2088,cable_clip,grootn1.7,failure,897,44.9,9,0.2007,0.311
2089,cable_clip,grootn1.7,failure,897,44.9,8,0.1784,0.317
2090,cable_clip,grootn1.7,failure,899,45.0,16,0.356,0.456
2091,cable_clip,grootn1.7,failure,462,23.1,6,0.2597,0.361
2092,cable_clip,grootn1.7,failure,902,45.1,2,0.0443,0.284
2093,cable_clip,grootn1.7,failure,897,44.9,11,0.2453,0.299
2094,cable_clip,grootn1.7,failure,899,45.0,6,0.1335,0.184
2095,cable_clip,grootn1.7,failure,906,45.3,8,0.1766,0.588
2096,cable_clip,grootn1.7,failure,900,45.0,18,0.4,0.583
2097,cable_clip,grootn1.7,failure,895,44.8,16,0.3575,0.311
2098,cable_clip,grootn1.7,failure,902,45.1,11,0.2439,0.42
2099,cable_clip,pi0,failure,1156,57.8,17,0.2941,0.785
2100,cable_clip,pi0,failure,1044,52.2,13,0.249,0.419
2101,cable_clip,pi0,failure,1145,57.2,17,0.2969,0.555
2102,cable_clip,pi0,failure,1159,58.0,26,0.4487,0.528
2103,cable_clip,pi0,failure,1145,57.2,10,0.1747,0.496
2104,cable_clip,pi0,failure,1148,57.4,14,0.2439,0.797
2105,cable_clip,pi0,failure,1156,57.8,27,0.4671,0.429
2106,cable_clip,pi0,failure,1154,57.7,11,0.1906,0.632
2107,cable_clip,pi0,failure,1156,57.8,11,0.1903,0.804
2108,cable_clip,pi0,failure,1156,57.8,35,0.6055,0.471
2109,cable_clip,pi0,failure,1162,58.1,23,0.3959,0.412
2110,cable_clip,pi0,failure,1162,58.1,19,0.327,0.285
2111,cable_clip,pi0,failure,1134,56.7,13,0.2293,0.294
2112,cable_clip,pi0,failure,1166,58.3,18,0.3087,0.216
2113,cable_clip,pi0,failure,1166,58.3,19,0.3259,0.244
2114,cable_clip,pi0,failure,1166,58.3,13,0.223,0.234
2115,cable_clip,pi0,failure,1166,58.3,17,0.2916,0.225
2116,cable_clip,pi0,failure,1166,58.3,10,0.1715,0.4
2117,cable_clip,pi0,failure,725,36.2,7,0.1931,0.468
2118,cable_clip,pi0,failure,1166,58.3,16,0.2744,0.219
2119,cable_clip,pi0,failure,657,32.9,3,0.0913,0.627
2120,cable_clip,pi0,failure,726,36.3,10,0.2755,0.423
2121,cable_clip,pi0,failure,448,22.4,3,0.1339,0.509
2122,cable_clip,pi0,failure,1086,54.3,1,0.0184,0.121
2123,cable_clip,pi0,failure,1165,58.2,9,0.1545,0.296
2124,cable_clip,pi0,failure,739,37.0,1,0.0271,1.0
2125,cable_clip,pi0,failure,1166,58.3,6,0.1029,0.31
2126,cable_clip,pi0,failure,1166,58.3,2,0.0343,0.76
2127,cable_clip,pi0,failure,1166,58.3,9,0.1544,0.453
2128,cable_clip,pi0,failure,1165,58.2,10,0.1717,0.273
2129,cable_clip,pi0.5,failure,1157,57.9,7,0.121,0.348
2130,cable_clip,pi0.5,failure,1152,57.6,3,0.0521,0.938
2131,cable_clip,pi0.5,failure,1156,57.8,12,0.2076,0.445
2132,cable_clip,pi0.5,failure,1149,57.5,8,0.1393,0.316
2133,cable_clip,pi0.5,failure,1106,55.3,4,0.0723,0.68
2134,cable_clip,pi0.5,failure,1105,55.2,6,0.1086,0.376
2135,cable_clip,pi0.5,failure,1139,57.0,9,0.158,0.536
2136,cable_clip,pi0.5,failure,1059,53.0,10,0.1889,0.568
2137,cable_clip,pi0.5,failure,1048,52.4,9,0.1718,0.645
2138,cable_clip,pi0.5,failure,1050,52.5,18,0.3429,0.568
2139,cable_clip,pi0.5,failure,1049,52.5,13,0.2479,0.549
2140,cable_clip,pi0.5,failure,1057,52.9,8,0.1514,0.63
2141,cable_clip,pi0.5,failure,1050,52.5,10,0.1905,0.548
2142,cable_clip,pi0.5,failure,1015,50.8,10,0.197,0.722
2143,cable_clip,pi0.5,failure,202,10.1,2,0.198,0.891
2144,cable_clip,pi0.5,failure,1056,52.8,19,0.3598,0.65
2145,cable_clip,pi0.5,failure,1060,53.0,10,0.1887,0.458
2146,cable_clip,pi0.5,failure,1052,52.6,8,0.1521,0.572
2147,cable_clip,pi0.5,failure,1055,52.8,6,0.1137,0.294
2148,cable_clip,pi0.5,failure,1042,52.1,7,0.1344,0.499
2149,cable_clip,pi0.5,failure,1057,52.9,12,0.2271,0.44
2150,cable_clip,pi0.5,failure,1052,52.6,7,0.1331,0.452
2151,cable_clip,pi0.5,failure,1055,52.8,10,0.1896,0.418
2152,cable_clip,pi0.5,failure,166,8.3,2,0.241,0.711
2153,cable_clip,pi0.5,failure,1061,53.0,10,0.1885,0.402
2154,cable_clip,pi0.5,failure,1059,53.0,16,0.3022,0.602
2155,cable_clip,pi0.5,failure,833,41.6,9,0.2161,0.707
2156,cable_clip,pi0.5,failure,1054,52.7,9,0.1708,0.702
2157,cable_clip,pi0.5,failure,151,7.5,2,0.2649,0.828
2158,cable_clip,pi0.5,failure,573,28.6,7,0.2443,0.635
2159,cable_clip,teleoperated,successful,632,31.6,2,0.0633,0.203
2160,cable_clip,teleoperated,successful,509,25.4,3,0.1179,0.43
2161,cable_clip,teleoperated,successful,439,21.9,5,0.2278,0.405
2162,cable_clip,teleoperated,successful,422,21.1,3,0.1422,0.585
2163,cable_clip,teleoperated,successful,504,25.2,3,0.119,0.448
2164,cable_clip,teleoperated,successful,461,23.1,3,0.1302,0.377
2165,cable_clip,teleoperated,successful,465,23.2,3,0.129,0.428
2166,cable_clip,teleoperated,successful,567,28.4,2,0.0705,0.365
2167,cable_clip,teleoperated,successful,461,23.1,3,0.1302,0.345
2168,cable_clip,teleoperated,successful,396,19.8,3,0.1515,0.442
2169,cable_clip,teleoperated,successful,972,48.6,4,0.0823,0.266
2170,cable_clip,teleoperated,successful,941,47.0,5,0.1063,0.543
2171,cable_clip,teleoperated,successful,702,35.1,5,0.1425,0.635
2172,cable_clip,teleoperated,successful,552,27.6,3,0.1087,0.319
2173,cable_clip,teleoperated,successful,557,27.9,3,0.1077,0.266
2174,cable_clip,teleoperated,successful,344,17.2,3,0.1744,0.605
2175,cable_clip,teleoperated,successful,451,22.6,3,0.133,0.315
2176,cable_clip,teleoperated,successful,596,29.8,4,0.1342,0.337
2177,cable_clip,teleoperated,successful,497,24.9,2,0.0805,0.382
2178,cable_clip,teleoperated,successful,464,23.2,4,0.1724,0.418
2179,cable_clip,teleoperated,successful,927,46.4,6,0.1294,0.366
2180,cable_clip,teleoperated,successful,676,33.8,5,0.1479,0.271
2181,cable_clip,teleoperated,successful,401,20.1,3,0.1496,0.421
2182,cable_clip,teleoperated,successful,471,23.6,3,0.1274,0.425
2183,cable_clip,teleoperated,successful,730,36.5,5,0.137,0.396
2184,cable_clip,teleoperated,successful,461,23.1,5,0.2169,0.458
2185,cable_clip,teleoperated,successful,519,25.9,3,0.1156,0.358
2186,cable_clip,teleoperated,successful,601,30.1,3,0.0998,0.308
2187,cable_clip,teleoperated,successful,447,22.4,5,0.2237,0.477
2188,cable_clip,teleoperated,successful,1015,50.8,3,0.0591,0.202
2189,cable_clip,teleoperated,successful,804,40.2,6,0.1493,0.46
2190,cable_clip,teleoperated,successful,453,22.6,3,0.1325,0.6
2191,cable_clip,teleoperated,successful,414,20.7,3,0.1449,0.49
2192,cable_clip,teleoperated,successful,370,18.5,3,0.1622,0.446
2193,cable_clip,teleoperated,successful,570,28.5,4,0.1404,0.358
2194,cable_clip,teleoperated,successful,892,44.6,5,0.1121,0.391
2195,cable_clip,teleoperated,successful,580,29.0,4,0.1379,0.488
2196,cable_clip,teleoperated,successful,543,27.1,4,0.1473,0.527
2197,cable_clip,teleoperated,successful,392,19.6,2,0.102,0.459
2198,cable_clip,teleoperated,successful,690,34.5,3,0.087,0.393
2199,cable_clip,teleoperated,successful,487,24.4,3,0.1232,0.384
2200,cable_clip,teleoperated,successful,471,23.6,3,0.1274,0.535
2201,cable_clip,teleoperated,successful,293,14.7,3,0.2048,0.485
2202,cable_clip,teleoperated,successful,475,23.8,2,0.0842,0.632
2203,cable_clip,teleoperated,successful,361,18.1,3,0.1662,0.396
2204,cable_clip,teleoperated,successful,391,19.6,3,0.1535,0.596
2205,cable_clip,teleoperated,successful,703,35.1,4,0.1138,0.41
2206,cable_clip,teleoperated,successful,683,34.1,3,0.0878,0.329
2207,cable_clip,teleoperated,successful,544,27.2,3,0.1103,0.355
2208,cable_clip,teleoperated,successful,351,17.6,2,0.114,0.521
2209,cable_unclip,diffusion,failure,684,34.2,11,0.3216,0.632
2210,cable_unclip,diffusion,failure,683,34.1,10,0.2928,0.63
2211,cable_unclip,diffusion,failure,702,35.1,9,0.2564,0.668
2212,cable_unclip,diffusion,failure,607,30.4,8,0.2636,0.671
2213,cable_unclip,diffusion,failure,684,34.2,9,0.2632,0.699
2214,cable_unclip,diffusion,failure,701,35.0,9,0.2568,0.715
2215,cable_unclip,diffusion,failure,706,35.3,9,0.255,0.635
2216,cable_unclip,diffusion,failure,709,35.5,9,0.2539,0.671
2217,cable_unclip,diffusion,failure,709,35.5,8,0.2257,0.769
2218,cable_unclip,diffusion,successful,380,19.0,5,0.2632,0.761
2219,cable_unclip,diffusion,failure,709,35.5,11,0.3103,0.711
2220,cable_unclip,diffusion,failure,709,35.5,10,0.2821,0.76
2221,cable_unclip,diffusion,failure,708,35.4,8,0.226,0.767
2222,cable_unclip,diffusion,successful,200,10.0,4,0.4,0.755
2223,cable_unclip,diffusion,failure,709,35.5,10,0.2821,0.602
2224,cable_unclip,diffusion,failure,692,34.6,8,0.2312,0.597
2225,cable_unclip,diffusion,failure,686,34.3,8,0.2332,0.583
2226,cable_unclip,diffusion,failure,675,33.8,8,0.237,0.652
2227,cable_unclip,diffusion,failure,667,33.4,10,0.2999,0.619
2228,cable_unclip,diffusion,failure,687,34.4,8,0.2329,0.742
2229,cable_unclip,diffusion,failure,678,33.9,9,0.2655,0.754
2230,cable_unclip,diffusion,failure,565,28.2,7,0.2478,0.646
2231,cable_unclip,diffusion,failure,685,34.2,8,0.2336,0.642
2232,cable_unclip,diffusion,failure,673,33.6,10,0.2972,0.725
2233,cable_unclip,diffusion,failure,660,33.0,8,0.2424,0.794
2234,cable_unclip,diffusion,failure,690,34.5,7,0.2029,0.752
2235,cable_unclip,diffusion,failure,705,35.2,10,0.2837,0.701
2236,cable_unclip,diffusion,failure,707,35.4,10,0.2829,0.702
2237,cable_unclip,diffusion,failure,707,35.4,9,0.2546,0.648
2238,cable_unclip,diffusion,failure,706,35.3,10,0.2833,0.671
2239,cable_unclip,act,successful,123,6.2,2,0.3252,0.805
2240,cable_unclip,act,successful,107,5.3,2,0.3738,0.729
2241,cable_unclip,act,successful,116,5.8,3,0.5172,0.784
2242,cable_unclip,act,successful,115,5.8,2,0.3478,0.652
2243,cable_unclip,act,successful,140,7.0,3,0.4286,0.629
2244,cable_unclip,act,successful,140,7.0,3,0.4286,0.7
2245,cable_unclip,act,failure,489,24.4,14,0.5726,0.697
2246,cable_unclip,act,successful,140,7.0,2,0.2857,0.707
2247,cable_unclip,act,successful,129,6.5,3,0.4651,0.643
2248,cable_unclip,act,successful,142,7.1,2,0.2817,0.754
2249,cable_unclip,act,successful,162,8.1,3,0.3704,0.679
2250,cable_unclip,act,successful,179,8.9,3,0.3352,0.575
2251,cable_unclip,act,successful,125,6.2,2,0.32,0.688
2252,cable_unclip,act,successful,180,9.0,3,0.3333,0.65
2253,cable_unclip,act,successful,183,9.2,3,0.3279,0.65
2254,cable_unclip,act,successful,150,7.5,3,0.4,0.66
2255,cable_unclip,act,successful,170,8.5,3,0.3529,0.624
2256,cable_unclip,act,failure,498,24.9,15,0.6024,0.568
2257,cable_unclip,act,failure,498,24.9,9,0.3614,0.721
2258,cable_unclip,act,failure,496,24.8,11,0.4435,0.548
2259,cable_unclip,act,failure,495,24.8,9,0.3636,0.584
2260,cable_unclip,act,failure,495,24.8,11,0.4444,0.659
2261,cable_unclip,act,failure,487,24.4,5,0.2053,0.938
2262,cable_unclip,act,successful,169,8.4,4,0.4734,0.775
2263,cable_unclip,act,failure,498,24.9,15,0.6024,0.633
2264,cable_unclip,act,failure,492,24.6,11,0.4472,0.583
2265,cable_unclip,act,failure,497,24.9,13,0.5231,0.561
2266,cable_unclip,act,successful,361,18.1,8,0.4432,0.673
2267,cable_unclip,act,failure,498,24.9,14,0.5622,0.57
2268,cable_unclip,act,failure,499,24.9,16,0.6413,0.597
2269,cable_unclip,smolvla,failure,775,38.8,11,0.2839,0.737
2270,cable_unclip,smolvla,failure,779,39.0,13,0.3338,0.738
2271,cable_unclip,smolvla,failure,779,39.0,10,0.2567,0.85
2272,cable_unclip,smolvla,failure,775,38.8,11,0.2839,0.773
2273,cable_unclip,smolvla,failure,730,36.5,10,0.274,0.792
2274,cable_unclip,smolvla,successful,311,15.6,5,0.3215,0.72
2275,cable_unclip,smolvla,failure,778,38.9,11,0.2828,0.701
2276,cable_unclip,smolvla,successful,162,8.1,3,0.3704,0.753
2277,cable_unclip,smolvla,successful,160,8.0,2,0.25,0.713
2278,cable_unclip,smolvla,successful,164,8.2,2,0.2439,0.738
2279,cable_unclip,smolvla,successful,206,10.3,3,0.2913,0.786
2280,cable_unclip,smolvla,failure,775,38.8,9,0.2323,0.748
2281,cable_unclip,smolvla,failure,779,39.0,14,0.3594,0.784
2282,cable_unclip,smolvla,failure,775,38.8,11,0.2839,0.735
2283,cable_unclip,smolvla,failure,775,38.8,10,0.2581,0.768
2284,cable_unclip,smolvla,failure,778,38.9,10,0.2571,0.731
2285,cable_unclip,smolvla,failure,779,39.0,13,0.3338,0.716
2286,cable_unclip,smolvla,failure,779,39.0,12,0.3081,0.703
2287,cable_unclip,smolvla,failure,779,39.0,11,0.2824,0.746
2288,cable_unclip,smolvla,successful,181,9.1,3,0.3315,0.646
2289,cable_unclip,smolvla,failure,777,38.9,11,0.2831,0.768
2290,cable_unclip,smolvla,failure,775,38.8,13,0.3355,0.792
2291,cable_unclip,smolvla,failure,769,38.5,9,0.2341,0.831
2292,cable_unclip,smolvla,successful,400,20.0,5,0.25,0.76
2293,cable_unclip,smolvla,successful,380,19.0,5,0.2632,0.763
2294,cable_unclip,smolvla,failure,769,38.5,10,0.2601,0.7
2295,cable_unclip,smolvla,failure,774,38.7,10,0.2584,0.658
2296,cable_unclip,smolvla,successful,771,38.5,11,0.2853,0.75
2297,cable_unclip,smolvla,successful,180,9.0,3,0.3333,0.739
2298,cable_unclip,smolvla,successful,200,10.0,3,0.3,0.765
2299,cable_unclip,molmoact2,failure,421,21.1,6,0.285,0.715
2300,cable_unclip,molmoact2,failure,442,22.1,7,0.3167,0.656
2301,cable_unclip,molmoact2,failure,426,21.3,6,0.2817,0.716
2302,cable_unclip,molmoact2,failure,398,19.9,12,0.603,0.48
2303,cable_unclip,molmoact2,failure,304,15.2,5,0.3289,0.688
2304,cable_unclip,molmoact2,successful,342,17.1,6,0.3509,0.661
2305,cable_unclip,molmoact2,failure,420,21.0,9,0.4286,0.536
2306,cable_unclip,molmoact2,successful,141,7.0,2,0.2837,0.794
2307,cable_unclip,molmoact2,failure,421,21.1,5,0.2375,0.758
2308,cable_unclip,molmoact2,failure,421,21.1,10,0.4751,0.622
2309,cable_unclip,molmoact2,successful,180,9.0,3,0.3333,0.661
2310,cable_unclip,molmoact2,failure,397,19.9,6,0.3023,0.69
2311,cable_unclip,molmoact2,successful,195,9.8,3,0.3077,0.744
2312,cable_unclip,molmoact2,successful,202,10.1,4,0.396,0.594
2313,cable_unclip,molmoact2,successful,174,8.7,3,0.3448,0.718
2314,cable_unclip,molmoact2,successful,224,11.2,3,0.2679,0.701
2315,cable_unclip,molmoact2,failure,409,20.4,5,0.2445,0.626
2316,cable_unclip,molmoact2,failure,409,20.4,5,0.2445,0.743
2317,cable_unclip,molmoact2,failure,412,20.6,6,0.2913,0.561
2318,cable_unclip,molmoact2,successful,207,10.3,3,0.2899,0.662
2319,cable_unclip,molmoact2,failure,421,21.1,4,0.19,0.791
2320,cable_unclip,molmoact2,failure,411,20.6,10,0.4866,0.535
2321,cable_unclip,molmoact2,successful,181,9.1,3,0.3315,0.707
2322,cable_unclip,molmoact2,successful,164,8.2,3,0.3659,0.701
2323,cable_unclip,molmoact2,failure,397,19.9,8,0.403,0.557
2324,cable_unclip,molmoact2,failure,401,20.1,5,0.2494,0.589
2325,cable_unclip,molmoact2,failure,412,20.6,8,0.3883,0.49
2326,cable_unclip,molmoact2,failure,414,20.7,7,0.3382,0.362
2327,cable_unclip,molmoact2,failure,414,20.7,9,0.4348,0.447
2328,cable_unclip,molmoact2,failure,391,19.6,3,0.1535,0.752
2329,cable_unclip,molmoact2,failure,432,21.6,13,0.6019,0.551
2330,cable_unclip,molmoact2,failure,340,17.0,3,0.1765,0.853
2331,cable_unclip,molmoact2,failure,450,22.5,4,0.1778,0.871
2332,cable_unclip,molmoact2,failure,452,22.6,14,0.6195,0.496
2333,cable_unclip,molmoact2,failure,449,22.4,10,0.4454,0.588
2334,cable_unclip,molmoact2,failure,451,22.6,9,0.3991,0.632
2335,cable_unclip,molmoact2,failure,453,22.6,6,0.2649,0.733
2336,cable_unclip,molmoact2,successful,214,10.7,3,0.2804,0.808
2337,cable_unclip,molmoact2,successful,202,10.1,4,0.396,0.723
2338,cable_unclip,molmoact2,failure,451,22.6,6,0.2661,0.643
2339,cable_unclip,molmoact2,successful,448,22.4,7,0.3125,0.647
2340,cable_unclip,molmoact2,successful,180,9.0,3,0.3333,0.756
2341,cable_unclip,molmoact2,failure,350,17.5,3,0.1714,0.829
2342,cable_unclip,molmoact2,successful,186,9.3,3,0.3226,0.753
2343,cable_unclip,molmoact2,failure,449,22.4,9,0.4009,0.628
2344,cable_unclip,molmoact2,failure,447,22.4,8,0.3579,0.678
2345,cable_unclip,molmoact2,successful,245,12.2,3,0.2449,0.702
2346,cable_unclip,molmoact2,failure,419,20.9,7,0.3341,0.659
2347,cable_unclip,molmoact2,failure,419,20.9,5,0.2387,0.656
2348,cable_unclip,molmoact2,failure,419,20.9,5,0.2387,0.695
2349,cable_unclip,molmoact2,failure,421,21.1,5,0.2375,0.717
2350,cable_unclip,molmoact2,failure,413,20.6,11,0.5327,0.528
2351,cable_unclip,molmoact2,failure,272,13.6,3,0.2206,0.743
2352,cable_unclip,molmoact2,failure,431,21.6,7,0.3248,0.654
2353,cable_unclip,molmoact2,failure,431,21.6,11,0.5104,0.585
2354,cable_unclip,molmoact2,successful,180,9.0,3,0.3333,0.656
2355,cable_unclip,molmoact2,failure,420,21.0,11,0.5238,0.536
2356,cable_unclip,molmoact2,failure,423,21.1,8,0.3783,0.612
2357,cable_unclip,molmoact2,failure,424,21.2,13,0.6132,0.493
2358,cable_unclip,molmoact2,failure,424,21.2,11,0.5189,0.561
2359,cable_unclip,grootn1.7,successful,145,7.2,4,0.5517,0.738
2360,cable_unclip,grootn1.7,failure,371,18.6,5,0.2695,0.811
2361,cable_unclip,grootn1.7,successful,177,8.8,4,0.452,0.65
2362,cable_unclip,grootn1.7,failure,369,18.4,14,0.7588,0.675
2363,cable_unclip,grootn1.7,successful,296,14.8,4,0.2703,0.828
2364,cable_unclip,grootn1.7,failure,358,17.9,9,0.5028,0.603
2365,cable_unclip,grootn1.7,failure,365,18.2,6,0.3288,0.797
2366,cable_unclip,grootn1.7,failure,365,18.2,9,0.4932,0.674
2367,cable_unclip,grootn1.7,successful,260,13.0,5,0.3846,0.7
2368,cable_unclip,grootn1.7,failure,366,18.3,9,0.4918,0.708
2369,cable_unclip,grootn1.7,failure,369,18.4,4,0.2168,0.875
2370,cable_unclip,grootn1.7,failure,375,18.8,8,0.4267,0.733
2371,cable_unclip,grootn1.7,failure,354,17.7,9,0.5085,0.613
2372,cable_unclip,grootn1.7,failure,369,18.4,6,0.3252,0.688
2373,cable_unclip,grootn1.7,failure,369,18.4,7,0.3794,0.897
2374,cable_unclip,grootn1.7,failure,386,19.3,12,0.6218,0.505
2375,cable_unclip,grootn1.7,failure,377,18.9,11,0.5836,0.504
2376,cable_unclip,grootn1.7,failure,385,19.2,12,0.6234,0.53
2377,cable_unclip,grootn1.7,failure,379,18.9,7,0.3694,0.501
2378,cable_unclip,grootn1.7,successful,377,18.9,7,0.3714,0.793
2379,cable_unclip,grootn1.7,successful,380,19.0,6,0.3158,0.655
2380,cable_unclip,grootn1.7,successful,250,12.5,6,0.48,0.672
2381,cable_unclip,grootn1.7,failure,385,19.2,5,0.2597,0.831
2382,cable_unclip,grootn1.7,failure,389,19.4,7,0.3599,0.437
2383,cable_unclip,grootn1.7,failure,390,19.5,7,0.359,0.636
2384,cable_unclip,grootn1.7,failure,388,19.4,6,0.3093,0.696
2385,cable_unclip,grootn1.7,successful,390,19.5,6,0.3077,0.679
2386,cable_unclip,grootn1.7,successful,391,19.6,6,0.3069,0.637
2387,cable_unclip,grootn1.7,successful,385,19.2,5,0.2597,0.618
2388,cable_unclip,grootn1.7,failure,391,19.6,8,0.4092,0.601
2389,cable_unclip,pi0,successful,477,23.9,9,0.3774,0.656
2390,cable_unclip,pi0,failure,463,23.1,12,0.5184,0.531
2391,cable_unclip,pi0,successful,482,24.1,6,0.249,0.68
2392,cable_unclip,pi0,failure,484,24.2,8,0.3306,0.676
2393,cable_unclip,pi0,successful,354,17.7,6,0.339,0.503
2394,cable_unclip,pi0,failure,483,24.1,9,0.3727,0.319
2395,cable_unclip,pi0,failure,483,24.1,6,0.2484,0.654
2396,cable_unclip,pi0,successful,180,9.0,3,0.3333,0.683
2397,cable_unclip,pi0,successful,210,10.5,3,0.2857,0.557
2398,cable_unclip,pi0,failure,476,23.8,6,0.2521,0.645
2399,cable_unclip,pi0,failure,478,23.9,7,0.2929,0.46
2400,cable_unclip,pi0,successful,481,24.1,7,0.2911,0.561
2401,cable_unclip,pi0,successful,200,10.0,3,0.3,0.67
2402,cable_unclip,pi0,failure,471,23.6,6,0.2548,0.495
2403,cable_unclip,pi0,successful,200,10.0,3,0.3,0.64
2404,cable_unclip,pi0,successful,396,19.8,6,0.303,0.667
2405,cable_unclip,pi0,successful,200,10.0,3,0.3,0.79
2406,cable_unclip,pi0,failure,480,24.0,7,0.2917,0.606
2407,cable_unclip,pi0,successful,200,10.0,3,0.3,0.775
2408,cable_unclip,pi0,failure,484,24.2,8,0.3306,0.467
2409,cable_unclip,pi0,successful,190,9.5,4,0.4211,0.595
2410,cable_unclip,pi0,failure,483,24.1,5,0.207,0.708
2411,cable_unclip,pi0,failure,483,24.1,7,0.2899,0.559
2412,cable_unclip,pi0,failure,480,24.0,7,0.2917,0.646
2413,cable_unclip,pi0,failure,473,23.6,6,0.2537,0.708
2414,cable_unclip,pi0,failure,394,19.7,5,0.2538,0.713
2415,cable_unclip,pi0,failure,478,23.9,6,0.251,0.649
2416,cable_unclip,pi0,successful,167,8.3,3,0.3593,0.677
2417,cable_unclip,pi0,failure,484,24.2,8,0.3306,0.624
2418,cable_unclip,pi0,successful,378,18.9,6,0.3175,0.709
2419,cable_unclip,pi0.5,successful,180,9.0,2,0.2222,0.65
2420,cable_unclip,pi0.5,successful,160,8.0,2,0.25,0.681
2421,cable_unclip,pi0.5,successful,199,9.9,3,0.3015,0.683
2422,cable_unclip,pi0.5,successful,310,15.5,5,0.3226,0.606
2423,cable_unclip,pi0.5,successful,480,24.0,7,0.2917,0.619
2424,cable_unclip,pi0.5,failure,481,24.1,9,0.3742,0.634
2425,cable_unclip,pi0.5,successful,388,19.4,5,0.2577,0.688
2426,cable_unclip,pi0.5,successful,174,8.7,3,0.3448,0.661
2427,cable_unclip,pi0.5,failure,481,24.1,7,0.2911,0.565
2428,cable_unclip,pi0.5,failure,480,24.0,8,0.3333,0.546
2429,cable_unclip,pi0.5,successful,330,16.5,6,0.3636,0.6
2430,cable_unclip,pi0.5,failure,474,23.7,6,0.2532,0.641
2431,cable_unclip,pi0.5,successful,283,14.2,5,0.3534,0.693
2432,cable_unclip,pi0.5,successful,218,10.9,4,0.367,0.697
2433,cable_unclip,pi0.5,successful,224,11.2,4,0.3571,0.522
2434,cable_unclip,pi0.5,successful,217,10.8,2,0.1843,0.908
2435,cable_unclip,pi0.5,successful,233,11.7,4,0.3433,0.532
2436,cable_unclip,pi0.5,successful,173,8.7,3,0.3468,0.676
2437,cable_unclip,pi0.5,failure,472,23.6,7,0.2966,0.614
2438,cable_unclip,pi0.5,failure,481,24.1,7,0.2911,0.726
2439,cable_unclip,pi0.5,failure,471,23.6,6,0.2548,0.745
2440,cable_unclip,pi0.5,successful,200,10.0,3,0.3,0.695
2441,cable_unclip,pi0.5,successful,259,12.9,3,0.2317,0.849
2442,cable_unclip,pi0.5,successful,146,7.3,2,0.274,0.76
2443,cable_unclip,pi0.5,successful,246,12.3,4,0.3252,0.679
2444,cable_unclip,pi0.5,successful,194,9.7,3,0.3093,0.794
2445,cable_unclip,pi0.5,successful,220,11.0,3,0.2727,0.832
2446,cable_unclip,pi0.5,failure,481,24.1,6,0.2495,0.767
2447,cable_unclip,pi0.5,successful,194,9.7,3,0.3093,0.742
2448,cable_unclip,pi0.5,failure,474,23.7,7,0.2954,0.684
2449,cable_unclip,teleoperated,successful,241,12.1,3,0.249,0.755
2450,cable_unclip,teleoperated,successful,224,11.2,3,0.2679,0.665
2451,cable_unclip,teleoperated,successful,201,10.1,3,0.2985,0.756
2452,cable_unclip,teleoperated,successful,201,10.1,3,0.2985,0.746
2453,cable_unclip,teleoperated,successful,189,9.4,3,0.3175,0.804
2454,cable_unclip,teleoperated,successful,220,11.0,3,0.2727,0.786
2455,cable_unclip,teleoperated,successful,229,11.4,3,0.262,0.686
2456,cable_unclip,teleoperated,successful,200,10.0,3,0.3,0.76
2457,cable_unclip,teleoperated,successful,194,9.7,3,0.3093,0.799
2458,cable_unclip,teleoperated,successful,194,9.7,3,0.3093,0.845
2459,cable_unclip,teleoperated,successful,218,10.9,3,0.2752,0.706
2460,cable_unclip,teleoperated,successful,202,10.1,3,0.297,0.703
2461,cable_unclip,teleoperated,successful,216,10.8,3,0.2778,0.773
2462,cable_unclip,teleoperated,successful,187,9.3,3,0.3209,0.791
2463,cable_unclip,teleoperated,successful,241,12.1,4,0.332,0.73
2464,cable_unclip,teleoperated,successful,256,12.8,4,0.3125,0.824
2465,cable_unclip,teleoperated,successful,208,10.4,3,0.2885,0.688
2466,cable_unclip,teleoperated,successful,209,10.4,3,0.2871,0.794
2467,cable_unclip,teleoperated,successful,231,11.6,3,0.2597,0.714
2468,cable_unclip,teleoperated,successful,235,11.8,3,0.2553,0.779
2469,cable_unclip,teleoperated,successful,240,12.0,3,0.25,0.779
2470,cable_unclip,teleoperated,successful,223,11.2,3,0.2691,0.825
2471,cable_unclip,teleoperated,successful,239,11.9,3,0.251,0.753
2472,cable_unclip,teleoperated,successful,345,17.2,6,0.3478,0.699
2473,cable_unclip,teleoperated,successful,203,10.2,3,0.2956,0.803
2474,cable_unclip,teleoperated,successful,263,13.2,4,0.3042,0.779
2475,cable_unclip,teleoperated,successful,230,11.5,3,0.2609,0.735
2476,cable_unclip,teleoperated,successful,255,12.8,3,0.2353,0.725
2477,cable_unclip,teleoperated,successful,242,12.1,3,0.2479,0.814
2478,cable_unclip,teleoperated,successful,343,17.1,3,0.1749,0.802
2479,cable_unclip,teleoperated,successful,237,11.8,3,0.2532,0.675
2480,cable_unclip,teleoperated,successful,236,11.8,3,0.2542,0.725
2481,cable_unclip,teleoperated,successful,241,12.1,4,0.332,0.697
2482,cable_unclip,teleoperated,successful,241,12.1,3,0.249,0.718
2483,cable_unclip,teleoperated,successful,210,10.5,3,0.2857,0.724
2484,cable_unclip,teleoperated,successful,237,11.8,3,0.2532,0.7
2485,cable_unclip,teleoperated,successful,229,11.4,3,0.262,0.616
2486,cable_unclip,teleoperated,successful,274,13.7,4,0.292,0.62
2487,cable_unclip,teleoperated,successful,278,13.9,3,0.2158,0.773
2488,cable_unclip,teleoperated,successful,213,10.7,3,0.2817,0.718
2489,cable_unclip,teleoperated,successful,222,11.1,3,0.2703,0.833
2490,cable_unclip,teleoperated,successful,183,9.2,3,0.3279,0.672
2491,cable_unclip,teleoperated,successful,191,9.6,3,0.3141,0.717
2492,cable_unclip,teleoperated,successful,180,9.0,3,0.3333,0.722
2493,cable_unclip,teleoperated,successful,260,13.0,3,0.2308,0.55
2494,cable_unclip,teleoperated,successful,164,8.2,3,0.3659,0.677
2495,cable_unclip,teleoperated,successful,214,10.7,3,0.2804,0.682
2496,cable_unclip,teleoperated,successful,247,12.3,4,0.3239,0.717
2497,cable_unclip,teleoperated,successful,242,12.1,3,0.2479,0.682
2498,cable_unclip,teleoperated,successful,179,8.9,3,0.3352,0.715
